video_id,item_id,release_date,status,channel_id,channel_name,subscribers,views,likes,comments,duration,live_status
VdrEZmcVGdw,UExPTVVkUUZkUy1YTUo0TkZISmxTQUxZQXQ0bC1MUGdTMS5FNDgyRjU5ODVFMTBBN0VG,2022-06-02 15:00:13+00:00,public,UCiiN5Ld9pGMwcYrLUJfYlCQ,Mixmash Records,137000,332,27,3,3611.0,none
X7EpursbCsY,UExPTVVkUUZkUy1YTUo0TkZISmxTQUxZQXQ0bC1MUGdTMS5GQzY2NjMwQzk5QkYwRTM0,2022-06-02 16:00:13+00:00,public,UCLxqd1S685Mpyk9wy8jkVJQ,Dannic,141000,923,62,6,3602.0,none
s8usv-z539Q,UExPTVVkUUZkUy1YTUo0TkZISmxTQUxZQXQ0bC1MUGdTMS4xNjRENUU2RTk5MUNEMkQ0,2022-06-02 20:13:04+00:00,public,UCu5jfQcpRLm9xhmlSd5S8xw,Armin van Buuren,5240000,158469,4650,226,7240.0,none
Sh_KjmHvMLY,UExPTVVkUUZkUy1YTUo0TkZISmxTQUxZQXQ0bC1MUGdTMS5CNzc3NkExNzJGNUI3RDY0,2022-06-03 07:00:24+00:00,public,UCsN8M73DMWa8SPp5o_0IAQQ,Tomorrowland,10100000,11117,474,44,3556.0,none
QaiNPysoDmI,UExPTVVkUUZkUy1YTUo0TkZISmxTQUxZQXQ0bC1MUGdTMS5FN0IyODJCNzIzRTRCQzVB,2022-06-03 08:02:49+00:00,public,UCO0sfpPwj3PGVVH_jiqBA6A,Future House Cloud,215000,3757,95,14,4798.0,none
ANJqb-2Ejj0,UExPTVVkUUZkUy1YTUo0TkZISmxTQUxZQXQ0bC1MUGdTMS5BOUY1N0EyNkY3QzlGOEM3,2022-06-03 14:00:06+00:00,public,UCPk3RMMXAfLhMJPFpQhye9g,Tiësto,6080000,67211,2178,142,3584.0,none
rdxw5ilpmQ4,UExPTVVkUUZkUy1YTUo0TkZISmxTQUxZQXQ0bC1MUGdTMS4xM0Y3OTRDQTIwMDREQ0FB,2022-06-03 15:00:11+00:00,public,UCGZXYc32ri4D0gSLPf2pZXQ,Armada Music TV,5040000,12393,559,29,5406.0,none
cPRBXdm5-Wg,UExPTVVkUUZkUy1YTUo0TkZISmxTQUxZQXQ0bC1MUGdTMS44NkRBODFEMUYwNzE0NDcy,2022-06-03 15:00:22+00:00,public,UCnhHe0_bk_1_0So41vsZvWw,Revealed Music,1560000,1911,111,6,3616.0,none
1dMadjMQFN8,UExPTVVkUUZkUy1YTUo0TkZISmxTQUxZQXQ0bC1MUGdTMS5GQ0M4MEE3OTlDNzM0MTAz,2022-06-03 18:00:12+00:00,public,UCDVKYPXwdYUQfgA05CkyFSg,GameChops,503000,61665,4017,133,1384.0,none
WdnKWW2WY3k,UExPTVVkUUZkUy1YTUo0TkZISmxTQUxZQXQ0bC1MUGdTMS43QzAwQzY2Q0M0MTU1QkIz,2022-06-03 20:00:12+00:00,public,UCmKm7HJdOfkWLyml-fzKlVg,Afrojack,2530000,7519,286,23,3592.0,none
6VTGHhFxF6I,UExPTVVkUUZkUy1YTUo0TkZISmxTQUxZQXQ0bC1MUGdTMS5BNDI5NDg0OENEMDMwMERC,2022-06-04 06:10:20+00:00,public,UCGXkgynD9YyoEIVyqpaUElw,Enhanced Music,88900,1110,60,3,7205.0,none
A3dycXyhxto,UExPTVVkUUZkUy1YTUo0TkZISmxTQUxZQXQ0bC1MUGdTMS4yM0IwNzUxRTc3MTg4Njkw,2022-06-04 11:00:05+00:00,public,UCalCDSmZAYD73tqVZ4l8yJg,A State Of Trance,768000,11956,623,54,1453.0,none
D9y8b_XBDZg,UExPTVVkUUZkUy1YTUo0TkZISmxTQUxZQXQ0bC1MUGdTMS4xN0E0QjgwRkVBM0I5Nzg1,2022-06-04 14:00:06+00:00,public,UCuCFbUOszL3QkYVUWZzKH8Q,Musical Freedom,703000,2059,108,5,3654.0,none
WnJlAOeHv58,UExPTVVkUUZkUy1YTUo0TkZISmxTQUxZQXQ0bC1MUGdTMS4yMjgwQkZBOEI2MEQxMkUy,2022-06-04 15:00:17+00:00,public,UCGZXYc32ri4D0gSLPf2pZXQ,Armada Music TV,5040000,25443,420,61,3703.0,none
QVfAXTU9Zrc,UExPTVVkUUZkUy1YTUo0TkZISmxTQUxZQXQ0bC1MUGdTMS5GNjg5RUYzREMzMDcxOUYw,2022-06-04 15:52:34+00:00,public,UC5H_KXkPbEsGs0tFt8R35mA,Martin Garrix,14300000,34419,1648,110,3600.0,none
5tEl8TDj13g,UExPTVVkUUZkUy1YTUo0TkZISmxTQUxZQXQ0bC1MUGdTMS5FNzRDNDIwRDUwRDE4QUI1,2022-06-04 16:00:15+00:00,public,UC-EVnno6x6-aAG6g1ZVoN3A,Oliver Heldens,828000,15431,400,33,5310.0,none
OV0Uo42RMlU,UExPTVVkUUZkUy1YTUo0TkZISmxTQUxZQXQ0bC1MUGdTMS41ODJFOTA1Mzg2NTFERjQz,2022-06-06 11:00:22+00:00,public,UCGZXYc32ri4D0gSLPf2pZXQ,Armada Music TV,5040000,20947,252,25,3600.0,none
8QtSd1Hr17Y,UExPTVVkUUZkUy1YTUo0TkZISmxTQUxZQXQ0bC1MUGdTMS4yNEVFNDRFQzIwRjFGRjhB,2022-06-06 17:00:03+00:00,public,UCDCCLsZ0OBG8Dt-3JMc3hkA,Big Beat Records,387000,4228,22,3,3606.0,none
O1BnakexgSU,UExPTVVkUUZkUy1YTUo0TkZISmxTQUxZQXQ0bC1MUGdTMS4yQUFFQjdBMkNCNzYzMzQ5,2022-06-06 18:01:19+00:00,public,UCSJ4gkVC6NrvII8umztf0Ow,Lofi Girl,10600000,67840,3307,147,1413.0,none
en7FPp9r0e8,UExPTVVkUUZkUy1YTUo0TkZISmxTQUxZQXQ0bC1MUGdTMS4yMkQ1M0U2NzVEOTA2MTY5,2022-06-06 18:19:33+00:00,public,UC3XZCxTQ55JkT35W27Jtbyg,Aiobahn,55300,8250,724,50,2660.0,none
vB5WEfHaWXc,UExPTVVkUUZkUy1YTUo0TkZISmxTQUxZQXQ0bC1MUGdTMS5BODVEMjUxQTc4NkJFMEY3,2022-06-07 12:56:25+00:00,public,UCVGTuylKPv8SfVDSyho5WFw,Mike Williams,107000,544,36,4,3681.0,none
rqdYzhLYRig,UExPTVVkUUZkUy1YTUo0TkZISmxTQUxZQXQ0bC1MUGdTMS44QzE1MTg5OTI3Mzk2QjRD,2022-06-07 12:56:54+00:00,public,UCVGTuylKPv8SfVDSyho5WFw,Mike Williams,107000,1213,71,6,3624.0,none
tVc0wh7db2Q,UExPTVVkUUZkUy1YTUo0TkZISmxTQUxZQXQ0bC1MUGdTMS5GMzZFODZFNzVCN0JFNzhE,2022-06-07 17:45:34+00:00,public,UCsN8M73DMWa8SPp5o_0IAQQ,Tomorrowland,10100000,7040,249,7,3589.0,none
dHfT87JDXUo,UExPTVVkUUZkUy1YTUo0TkZISmxTQUxZQXQ0bC1MUGdTMS44NEE4MTNBOUY2MDRFRUU4,2022-06-08 14:30:09+00:00,public,UCXvSeBDvzmPO05k-0RyB34w,Future House Music,1140000,6946,292,26,3663.0,none
83GAboBanDE,UExPTVVkUUZkUy1YTUo0TkZISmxTQUxZQXQ0bC1MUGdTMS4zOTExNTAwOERBMTNFRUM4,2022-06-08 20:23:13+00:00,public,UCGZXYc32ri4D0gSLPf2pZXQ,Armada Music TV,5040000,10092,576,38,11335.0,none
rvz5SJ8dIiY,UExPTVVkUUZkUy1YTUo0TkZISmxTQUxZQXQ0bC1MUGdTMS4wRUM0NDVEMzZDODkxRUQ3,2022-06-09 15:00:26+00:00,public,UCiiN5Ld9pGMwcYrLUJfYlCQ,Mixmash Records,137000,254,17,2,3492.0,none
mQXFPcB83lM,UExPTVVkUUZkUy1YTUo0TkZISmxTQUxZQXQ0bC1MUGdTMS42QzUzNDk3NEJCNjU2ODcx,2022-06-09 15:31:52+00:00,public,UCpDJl2EmP7Oh90Vylx0dZtA,Spinnin' Records,29500000,19084,734,29,3485.0,none
VGzfwEOUSnU,UExPTVVkUUZkUy1YTUo0TkZISmxTQUxZQXQ0bC1MUGdTMS5EMjg2Q0U4RjAyNjZDOTI2,2022-06-09 20:12:04+00:00,public,UCu5jfQcpRLm9xhmlSd5S8xw,Armin van Buuren,5250000,168223,4775,324,7280.0,none
T5D5IVlhnIM,UExPTVVkUUZkUy1YTUo0TkZISmxTQUxZQXQ0bC1MUGdTMS5BOUNEMEI0OUY1OEEwQzdC,2022-06-09 20:15:32+00:00,public,UCsN8M73DMWa8SPp5o_0IAQQ,Tomorrowland,10100000,12379,640,46,3545.0,none
yW4GVBEfGbc,UExPTVVkUUZkUy1YTUo0TkZISmxTQUxZQXQ0bC1MUGdTMS41MTA4RkYwMjM4QzhBNTE3,2022-06-10 08:04:47+00:00,public,UCO0sfpPwj3PGVVH_jiqBA6A,Future House Cloud,218000,83302,802,23,3605.0,none
0eM6nG_lGPg,UExPTVVkUUZkUy1YTUo0TkZISmxTQUxZQXQ0bC1MUGdTMS42RjkxMEE5MTI1MzBCOEIw,2022-06-10 14:00:00+00:00,public,UCPk3RMMXAfLhMJPFpQhye9g,Tiësto,6100000,72646,2196,132,3512.0,none
VQ19ttEm2G0,UExPTVVkUUZkUy1YTUo0TkZISmxTQUxZQXQ0bC1MUGdTMS4xN0EwMDIyNjM0N0FGMkUw,2022-06-10 14:00:25+00:00,public,UCLxqd1S685Mpyk9wy8jkVJQ,Dannic,142000,1154,93,21,4402.0,none
kie-2-ILF9M,UExPTVVkUUZkUy1YTUo0TkZISmxTQUxZQXQ0bC1MUGdTMS4yMUI5NkExNjhCMDc5RjRD,2022-06-10 15:00:20+00:00,public,UCnhHe0_bk_1_0So41vsZvWw,Revealed Music,1560000,1709,110,9,3606.0,none
z_TYqW-H3F8,UExPTVVkUUZkUy1YTUo0TkZISmxTQUxZQXQ0bC1MUGdTMS5FRDBBQjE3MzdGNDBGMEJE,2022-06-10 20:00:10+00:00,public,UCmKm7HJdOfkWLyml-fzKlVg,Afrojack,2530000,9370,352,20,3607.0,none
o5Y_wvaDLJw,UExPTVVkUUZkUy1YTUo0TkZISmxTQUxZQXQ0bC1MUGdTMS5GQjMwOTIyMjFDNDRBODY5,2022-06-11 06:05:52+00:00,public,UCGXkgynD9YyoEIVyqpaUElw,Enhanced Music,89100,1105,48,3,7205.0,none
B08Ubs4HYpE,UExPTVVkUUZkUy1YTUo0TkZISmxTQUxZQXQ0bC1MUGdTMS5BNDc1MTI1RDk0OTgwQjFC,2022-06-11 11:00:03+00:00,public,UCVGTuylKPv8SfVDSyho5WFw,Mike Williams,107000,1400,86,12,3608.0,none
JSX4sPg8iqk,UExPTVVkUUZkUy1YTUo0TkZISmxTQUxZQXQ0bC1MUGdTMS5BN0Q0NTk3QTY3NEFDOTE1,2022-06-11 11:00:13+00:00,public,UCalCDSmZAYD73tqVZ4l8yJg,A State Of Trance,769000,6342,437,72,1384.0,none
S5U89uMWR-4,UExPTVVkUUZkUy1YTUo0TkZISmxTQUxZQXQ0bC1MUGdTMS5CMTk0M0ExREZBODAzNDUw,2022-06-11 14:00:10+00:00,public,UCuCFbUOszL3QkYVUWZzKH8Q,Musical Freedom,704000,2798,136,5,3600.0,none
C7vKqYijIK0,UExPTVVkUUZkUy1YTUo0TkZISmxTQUxZQXQ0bC1MUGdTMS4yMDAwMzEwNzAzNENFRTUw,2022-06-11 15:00:12+00:00,public,UC5H_KXkPbEsGs0tFt8R35mA,Martin Garrix,14300000,32338,1506,63,3600.0,none
nZozgVdArdM,UExPTVVkUUZkUy1YTUo0TkZISmxTQUxZQXQ0bC1MUGdTMS4wRjA0RDE2QTUwMTk2MkY2,2022-06-11 16:00:43+00:00,public,UC-EVnno6x6-aAG6g1ZVoN3A,Oliver Heldens,829000,25568,703,60,5621.0,none
f8tIZHIRxyY,UExPTVVkUUZkUy1YTUo0TkZISmxTQUxZQXQ0bC1MUGdTMS4wOEE0NEE4QTk1RTc0MUJB,2022-06-13 11:00:24+00:00,public,UCGZXYc32ri4D0gSLPf2pZXQ,Armada Music TV,5040000,31871,193,42,3585.0,none
aOJfSCDpZX8,UExPTVVkUUZkUy1YTUo0TkZISmxTQUxZQXQ0bC1MUGdTMS4yNjFFMzVEMkVDRTRDOEMz,2022-06-13 17:00:00+00:00,public,UCDCCLsZ0OBG8Dt-3JMc3hkA,Big Beat Records,387000,836,44,3,2414.0,none
p-RALlK4zzU,UExPTVVkUUZkUy1YTUo0TkZISmxTQUxZQXQ0bC1MUGdTMS5FMTRBMDgyN0ZFQjY4Mzkw,2022-06-13 18:02:05+00:00,public,UCSJ4gkVC6NrvII8umztf0Ow,Lofi Girl,10600000,58486,2337,157,1506.0,none
3IfsLk6eiEM,UExPTVVkUUZkUy1YTUo0TkZISmxTQUxZQXQ0bC1MUGdTMS5DOTNDNjAwMzFFNUY5NzYy,2022-06-13 19:37:35+00:00,public,UC32W3Kpoh6T6pG5PrWm0LTQ,Dharma Worldwide,185000,4447,363,53,1805.0,none
jp63aLrpfAQ,UExPTVVkUUZkUy1YTUo0TkZISmxTQUxZQXQ0bC1MUGdTMS41ODEzODFCRDIzQURGRjU5,2022-06-15 15:01:27+00:00,public,UCj_Y-xJ2DRDGP4ilfzplCOQ,House Nation,3770000,9882,237,30,3644.0,none
hpj8G20UFd8,UExPTVVkUUZkUy1YTUo0TkZISmxTQUxZQXQ0bC1MUGdTMS43ODUxQUQzOEI2RDEwM0FG,2022-06-16 13:40:20+00:00,public,UCXvSeBDvzmPO05k-0RyB34w,Future House Music,1140000,10233,428,44,3610.0,none
4k4GZPfSah4,UExPTVVkUUZkUy1YTUo0TkZISmxTQUxZQXQ0bC1MUGdTMS5DQ0NEMjhGODBDMzAyRTUz,2022-06-16 15:00:02+00:00,public,UCiiN5Ld9pGMwcYrLUJfYlCQ,Mixmash Records,137000,244,18,6,3642.0,none
pwtgF9RKD3o,UExPTVVkUUZkUy1YTUo0TkZISmxTQUxZQXQ0bC1MUGdTMS44NEJEQTI3OTgwREEwMkMw,2022-06-16 15:41:15+00:00,public,UCpDJl2EmP7Oh90Vylx0dZtA,Spinnin' Records,29500000,18888,743,18,3497.0,none
4kUBnQ4-0sE,UExPTVVkUUZkUy1YTUo0TkZISmxTQUxZQXQ0bC1MUGdTMS5BRjY5QjMzMTgzMkMxODY1,2022-06-16 20:10:55+00:00,public,UCu5jfQcpRLm9xhmlSd5S8xw,Armin van Buuren,5260000,169088,4885,225,7265.0,none
ZTnhTc-MdMY,UExPTVVkUUZkUy1YTUo0TkZISmxTQUxZQXQ0bC1MUGdTMS40MEE4MzM5MDQwOUEyQUZB,2022-06-17 08:02:02+00:00,public,UCO0sfpPwj3PGVVH_jiqBA6A,Future House Cloud,220000,5001,121,11,4946.0,none
tqMVHUFEadA,UExPTVVkUUZkUy1YTUo0TkZISmxTQUxZQXQ0bC1MUGdTMS4wMUIyRTdBMEU5MDlCNTk2,2022-06-17 14:00:25+00:00,public,UCPk3RMMXAfLhMJPFpQhye9g,Tiësto,6110000,66434,2037,111,3530.0,none
NIZtKEyfUkg,UExPTVVkUUZkUy1YTUo0TkZISmxTQUxZQXQ0bC1MUGdTMS5DRDZEMDAwRUY1NTJCODA1,2022-06-17 14:17:05+00:00,public,UCsN8M73DMWa8SPp5o_0IAQQ,Tomorrowland,10100000,12343,538,35,3654.0,none
CkR-0SWpsZo,UExPTVVkUUZkUy1YTUo0TkZISmxTQUxZQXQ0bC1MUGdTMS4wNzVFQUYyOUU3MUFCN0E4,2022-06-17 15:00:08+00:00,public,UCnhHe0_bk_1_0So41vsZvWw,Revealed Music,1560000,1924,92,3,3607.0,none
vb_KmW0QPww,UExPTVVkUUZkUy1YTUo0TkZISmxTQUxZQXQ0bC1MUGdTMS5FMjIzQTZBODBCREYwN0Iz,2022-06-17 15:00:12+00:00,public,UCDVKYPXwdYUQfgA05CkyFSg,GameChops,507000,20939,1578,105,1259.0,none
whhvafwnv50,UExPTVVkUUZkUy1YTUo0TkZISmxTQUxZQXQ0bC1MUGdTMS4zMzI1MzRGNURGODI4MkVC,2022-06-17 15:00:28+00:00,public,UCGXkgynD9YyoEIVyqpaUElw,Enhanced Music,89200,899,85,10,3292.0,none
PFF-QyIpCK0,UExPTVVkUUZkUy1YTUo0TkZISmxTQUxZQXQ0bC1MUGdTMS4xNjFBQzY0OEY1QzAxNjJE,2022-06-17 18:00:06+00:00,public,UCGXkgynD9YyoEIVyqpaUElw,Enhanced Music,89200,871,39,4,7208.0,none
G7tCLqRK53Q,UExPTVVkUUZkUy1YTUo0TkZISmxTQUxZQXQ0bC1MUGdTMS44OUQ3NTI3QjhGMTRCODVD,2022-06-17 20:00:11+00:00,public,UCmKm7HJdOfkWLyml-fzKlVg,Afrojack,2530000,7395,264,17,3610.0,none
9dIwhr62XBs,UExPTVVkUUZkUy1YTUo0TkZISmxTQUxZQXQ0bC1MUGdTMS5BNzVDNTJBQkJBOTRGRUMw,2022-06-18 11:00:09+00:00,public,UCalCDSmZAYD73tqVZ4l8yJg,A State Of Trance,770000,10030,559,50,1621.0,none
jW8g4anfvrs,UExPTVVkUUZkUy1YTUo0TkZISmxTQUxZQXQ0bC1MUGdTMS5GQ0FFREZGNjRBNUVFQUVB,2022-06-18 11:00:20+00:00,public,UCVGTuylKPv8SfVDSyho5WFw,Mike Williams,107000,0,17,0,3610.0,none
geYE5gkGafA,UExPTVVkUUZkUy1YTUo0TkZISmxTQUxZQXQ0bC1MUGdTMS5DREQyNTBBODE4MzEyMjg4,2022-06-18 14:00:15+00:00,public,UCuCFbUOszL3QkYVUWZzKH8Q,Musical Freedom,705000,3192,124,11,3582.0,none
bCEGopb04Jc,UExPTVVkUUZkUy1YTUo0TkZISmxTQUxZQXQ0bC1MUGdTMS5CNTk5RDhGNzdCMkRBRDUz,2022-06-18 15:26:14+00:00,public,UC5H_KXkPbEsGs0tFt8R35mA,Martin Garrix,14300000,43541,1679,89,3600.0,none
PmrpR-7T1dc,UExPTVVkUUZkUy1YTUo0TkZISmxTQUxZQXQ0bC1MUGdTMS5CNEM0MzBCNDY3RkU1NUMw,2022-06-18 16:00:54+00:00,public,UC-EVnno6x6-aAG6g1ZVoN3A,Oliver Heldens,830000,1969,113,15,5254.0,none
DpuWBT3EIpg,UExPTVVkUUZkUy1YTUo0TkZISmxTQUxZQXQ0bC1MUGdTMS41RjNCNjdGQUYwMEEyRkMx,2022-06-20 11:00:10+00:00,public,UCGZXYc32ri4D0gSLPf2pZXQ,Armada Music TV,5040000,29378,193,40,3604.0,none
7dkeNJS__1Y,UExPTVVkUUZkUy1YTUo0TkZISmxTQUxZQXQ0bC1MUGdTMS5GRjZBMzg1QjYxMDdEQTZF,2022-06-20 17:00:06+00:00,public,UCDCCLsZ0OBG8Dt-3JMc3hkA,Big Beat Records,387000,1809,17,3,10799.0,none
seamoUeXD4s,UExPTVVkUUZkUy1YTUo0TkZISmxTQUxZQXQ0bC1MUGdTMS44Rjc3MDE3QTkyQ0YyOEIx,2022-06-20 18:04:47+00:00,public,UCSJ4gkVC6NrvII8umztf0Ow,Lofi Girl,10600000,58852,2372,109,1137.0,none
PrKneO3ltDA,UExPTVVkUUZkUy1YTUo0TkZISmxTQUxZQXQ0bC1MUGdTMS45NjFBMjIyRUI0QzhCQzgz,2022-06-21 16:30:10+00:00,public,UCDVKYPXwdYUQfgA05CkyFSg,GameChops,507000,7319,534,20,1038.0,none
3vdKiYJO1lA,UExPTVVkUUZkUy1YTUo0TkZISmxTQUxZQXQ0bC1MUGdTMS4xMTFCRDgyODkzQThBMEM3,2022-06-22 19:31:33+00:00,public,UCpYkkFDnvHka9CBuwxPpqXw,UKF On Air,181000,16802,700,87,5300.0,none
QtBkvew6tKA,UExPTVVkUUZkUy1YTUo0TkZISmxTQUxZQXQ0bC1MUGdTMS5FRDI4QjBEMTcwNTJEMzZG,2022-06-23 15:00:11+00:00,public,UCiiN5Ld9pGMwcYrLUJfYlCQ,Mixmash Records,137000,214,22,2,3696.0,none
sk7gzP_d-Vk,UExPTVVkUUZkUy1YTUo0TkZISmxTQUxZQXQ0bC1MUGdTMS4yQUFCMENEODMxQjI1RkM5,2022-06-23 15:33:38+00:00,public,UCpDJl2EmP7Oh90Vylx0dZtA,Spinnin' Records,29500000,19194,786,19,3565.0,none
a_uZIdElWDs,UExPTVVkUUZkUy1YTUo0TkZISmxTQUxZQXQ0bC1MUGdTMS5FMTM2MTg4QjIyQjMwODIz,2022-06-23 20:00:01+00:00,public,UCsN8M73DMWa8SPp5o_0IAQQ,Tomorrowland,10100000,48127,2823,154,3593.0,none
KcNXvb5B1dI,UExPTVVkUUZkUy1YTUo0TkZISmxTQUxZQXQ0bC1MUGdTMS45NkYyMUU2ODY3QTU0OTgz,2022-06-23 20:12:33+00:00,public,UCu5jfQcpRLm9xhmlSd5S8xw,Armin van Buuren,5270000,163101,5031,311,7190.0,none
Asf8EJFJMRY,UExPTVVkUUZkUy1YTUo0TkZISmxTQUxZQXQ0bC1MUGdTMS4wQzZFNDlFNkI3MDBBMDcx,2022-06-24 08:02:22+00:00,public,UCO0sfpPwj3PGVVH_jiqBA6A,Future House Cloud,222000,103755,926,35,3802.0,none
Rie6tGJaTwE,UExPTVVkUUZkUy1YTUo0TkZISmxTQUxZQXQ0bC1MUGdTMS4xNEMzREYwQzc3REUwNDY0,2022-06-24 14:00:11+00:00,public,UCPk3RMMXAfLhMJPFpQhye9g,Tiësto,6120000,70493,2204,152,3620.0,none
jrvlD-6YArU,UExPTVVkUUZkUy1YTUo0TkZISmxTQUxZQXQ0bC1MUGdTMS5CNTRCQzEzRUU4Mzc4OUIw,2022-06-24 15:00:33+00:00,public,UCnhHe0_bk_1_0So41vsZvWw,Revealed Music,1560000,1948,117,10,3610.0,none
ebpiPXsUZKg,UExPTVVkUUZkUy1YTUo0TkZISmxTQUxZQXQ0bC1MUGdTMS4wODYyNTAzNjE1Qzk4MUQ2,2022-06-24 20:00:10+00:00,public,UCmKm7HJdOfkWLyml-fzKlVg,Afrojack,2530000,7379,304,15,3572.0,none
uEb9EwO5T2A,UExPTVVkUUZkUy1YTUo0TkZISmxTQUxZQXQ0bC1MUGdTMS5ENjZGNUMxRURBMkMxODFE,2022-06-24 21:00:24+00:00,public,UCXGB0P-AhyZ4qYHWooiQzLA,Rushdown,6670,2025,274,30,1245.0,none
gpELndN3b4c,UExPTVVkUUZkUy1YTUo0TkZISmxTQUxZQXQ0bC1MUGdTMS5BODc5NkUyMTAwN0IwRkY4,2022-06-25 06:06:29+00:00,public,UCGXkgynD9YyoEIVyqpaUElw,Enhanced Music,89200,1257,80,1,7205.0,none
9zs3sxeNG7M,UExPTVVkUUZkUy1YTUo0TkZISmxTQUxZQXQ0bC1MUGdTMS41NkI3NEIxMUMxQkJGMTY3,2022-06-25 11:00:07+00:00,public,UCalCDSmZAYD73tqVZ4l8yJg,A State Of Trance,770000,10478,596,42,1641.0,none
fO-AK_hkrx8,UExPTVVkUUZkUy1YTUo0TkZISmxTQUxZQXQ0bC1MUGdTMS42QTAwM0IwOURDNUE5RURG,2022-06-25 11:00:20+00:00,public,UCVGTuylKPv8SfVDSyho5WFw,Mike Williams,107000,1549,99,15,3651.0,none
seJv_AoJ1gk,UExPTVVkUUZkUy1YTUo0TkZISmxTQUxZQXQ0bC1MUGdTMS5DMkIzQTQwRkQyNTU3NDAz,2022-06-25 14:00:33+00:00,public,UCuCFbUOszL3QkYVUWZzKH8Q,Musical Freedom,706000,2023,86,2,3664.0,none
uB3v-AdMXWs,UExPTVVkUUZkUy1YTUo0TkZISmxTQUxZQXQ0bC1MUGdTMS45RjgyODEyNEJEREM5Nzkx,2022-06-25 15:28:10+00:00,public,UC5H_KXkPbEsGs0tFt8R35mA,Martin Garrix,14300000,39965,1681,129,3600.0,none
u7afly02A18,UExPTVVkUUZkUy1YTUo0TkZISmxTQUxZQXQ0bC1MUGdTMS4wN0FDNkIxM0EwMDYxRkQy,2022-06-25 16:00:10+00:00,public,UC-EVnno6x6-aAG6g1ZVoN3A,Oliver Heldens,830000,22173,661,48,5017.0,none
dtbcjI7CKg0,UExPTVVkUUZkUy1YTUo0TkZISmxTQUxZQXQ0bC1MUGdTMS4xQkZENkNCQ0FDNzlFNzM1,2022-06-26 16:00:09+00:00,public,UCB-7IEpKGIdXkgGUObE5D5A,STMPD RCRDS,509000,9217,705,45,1779.0,none
FPacJPdks_w,UExPTVVkUUZkUy1YTUo0TkZISmxTQUxZQXQ0bC1MUGdTMS40RkUyNUI1OEJBMTY5Nzg5,2022-06-27 11:00:14+00:00,public,UCGZXYc32ri4D0gSLPf2pZXQ,Armada Music TV,5050000,7591,252,35,3609.0,none
GxFi4Z8tX6o,UExPTVVkUUZkUy1YTUo0TkZISmxTQUxZQXQ0bC1MUGdTMS40RUZEQzk3MjlCNjM1MEQw,2022-06-27 12:24:59+00:00,public,UCsN8M73DMWa8SPp5o_0IAQQ,Tomorrowland,10100000,8140,263,7,3597.0,none
W78sF7i7_mU,UExPTVVkUUZkUy1YTUo0TkZISmxTQUxZQXQ0bC1MUGdTMS43QzQ5MUVCMEQ2QzJERjI1,2022-06-27 14:00:15+00:00,public,UCDCCLsZ0OBG8Dt-3JMc3hkA,Big Beat Records,387000,2128,19,5,3906.0,none
96DlLmz1bOI,UExPTVVkUUZkUy1YTUo0TkZISmxTQUxZQXQ0bC1MUGdTMS4wRDRDMzA4N0U2MDVCQTcy,2022-06-29 19:30:11+00:00,public,UCLxqd1S685Mpyk9wy8jkVJQ,Dannic,141000,1812,137,14,1691.0,none
mTPjH-Fz1Y0,UExPTVVkUUZkUy1YTUo0TkZISmxTQUxZQXQ0bC1MUGdTMS5EQTdCQkU3QjJENUZGNkE5,2022-06-30 15:00:11+00:00,public,UCGZXYc32ri4D0gSLPf2pZXQ,Armada Music TV,5050000,19910,799,41,3933.0,none
98Q_--93bgQ,UExPTVVkUUZkUy1YTUo0TkZISmxTQUxZQXQ0bC1MUGdTMS45NkNBM0NCN0UzQkU1ODMw,2022-06-30 15:00:11+00:00,public,UCiiN5Ld9pGMwcYrLUJfYlCQ,Mixmash Records,137000,248,17,3,3537.0,none
RKlMlq84CFI,UExPTVVkUUZkUy1YTUo0TkZISmxTQUxZQXQ0bC1MUGdTMS5ENkM0Q0U2NjE5OTNCNEFC,2022-06-30 15:32:57+00:00,public,UCpDJl2EmP7Oh90Vylx0dZtA,Spinnin' Records,29600000,18051,703,24,3533.0,none
mBaCIGOfT0A,UExPTVVkUUZkUy1YTUo0TkZISmxTQUxZQXQ0bC1MUGdTMS5FMzRCNjVFQTUzRTczNEQ1,2022-06-30 18:04:55+00:00,public,UCa10nxShhzNrCE1o2ZOPztg,Trap Nation,30400000,146492,1699,239,2845.0,none
luC4bUSo_IA,UExPTVVkUUZkUy1YTUo0TkZISmxTQUxZQXQ0bC1MUGdTMS5FMDQ2MDJFMzlBN0YyRjE5,2022-06-30 20:10:39+00:00,public,UCu5jfQcpRLm9xhmlSd5S8xw,Armin van Buuren,5270000,176923,5244,312,7320.0,none
YPSTzXAnjlw,UExPTVVkUUZkUy1YTUo0TkZISmxTQUxZQXQ0bC1MUGdTMS4wRUI2REQ2Q0UxMEJDMEZC,2022-06-30 23:00:11+00:00,public,UCGXkgynD9YyoEIVyqpaUElw,Enhanced Music,89300,868,71,7,5330.0,none
vjGaSkWkWtk,UExPTVVkUUZkUy1YTUo0TkZISmxTQUxZQXQ0bC1MUGdTMS5DQzQxMzBBQjZBMUE2MDgz,2022-06-30 23:15:02+00:00,public,UCGXkgynD9YyoEIVyqpaUElw,Enhanced Music,89300,910,59,7,5503.0,none
9UsjHLFCAJk,UExPTVVkUUZkUy1YTUo0TkZISmxTQUxZQXQ0bC1MUGdTMS45QkE2RUQ2NTEzNzY5NDEz,2022-07-01 07:14:47+00:00,public,UCsN8M73DMWa8SPp5o_0IAQQ,Tomorrowland,10100000,20373,895,34,3634.0,none
H-zY0RJsrcI,UExPTVVkUUZkUy1YTUo0TkZISmxTQUxZQXQ0bC1MUGdTMS4xQzRDOTIwMzBEQjY1MkFF,2022-07-01 08:04:50+00:00,public,UCO0sfpPwj3PGVVH_jiqBA6A,Future House Cloud,223000,8805,133,6,5979.0,none
bXKkAAW8V08,UExPTVVkUUZkUy1YTUo0TkZISmxTQUxZQXQ0bC1MUGdTMS44Njk2RTZGMTA3MUVGODc3,2022-07-01 14:00:21+00:00,public,UCPk3RMMXAfLhMJPFpQhye9g,Tiësto,6130000,72957,2136,125,3596.0,none
7ZoPENwLONs,UExPTVVkUUZkUy1YTUo0TkZISmxTQUxZQXQ0bC1MUGdTMS5BQjdGMzE4NUVBQkRDMTA2,2022-07-01 15:00:07+00:00,public,UCnhHe0_bk_1_0So41vsZvWw,Revealed Music,1560000,1610,103,4,3610.0,none
7ByiVy5sNlo,UExPTVVkUUZkUy1YTUo0TkZISmxTQUxZQXQ0bC1MUGdTMS4wNkFBNDJEREM3MEFERjRF,2022-07-01 20:00:10+00:00,public,UCmKm7HJdOfkWLyml-fzKlVg,Afrojack,2530000,7995,326,23,3565.0,none
XR9lajss_qE,UExPTVVkUUZkUy1YTUo0TkZISmxTQUxZQXQ0bC1MUGdTMS44MkQyQ0FDREQwNEE5Mjg5,2022-07-02 06:05:22+00:00,public,UCGXkgynD9YyoEIVyqpaUElw,Enhanced Music,89300,1064,47,4,7205.0,none
rOcfuCvzVmU,UExPTVVkUUZkUy1YTUo0TkZISmxTQUxZQXQ0bC1MUGdTMS4yQzM1RUZENURBMEYyMTE3,2022-07-02 11:00:24+00:00,public,UCVGTuylKPv8SfVDSyho5WFw,Mike Williams,107000,1414,74,6,3736.0,none
gNA-HfH160o,UExPTVVkUUZkUy1YTUo0TkZISmxTQUxZQXQ0bC1MUGdTMS45QUQwMENBQjdFNjZDQjE4,2022-07-02 14:00:31+00:00,public,UCuCFbUOszL3QkYVUWZzKH8Q,Musical Freedom,706000,2444,124,12,3606.0,none
k7WouCAHszM,UExPTVVkUUZkUy1YTUo0TkZISmxTQUxZQXQ0bC1MUGdTMS5GMUYyNkE2QjczNDk4RDY4,2022-07-02 15:02:22+00:00,public,UC5H_KXkPbEsGs0tFt8R35mA,Martin Garrix,14300000,37218,1582,72,3600.0,none
g9WtgnXqMRk,UExPTVVkUUZkUy1YTUo0TkZISmxTQUxZQXQ0bC1MUGdTMS41MEQ4OTVBOTREQTQwQjlD,2022-07-02 16:00:10+00:00,public,UC-EVnno6x6-aAG6g1ZVoN3A,Oliver Heldens,830000,12828,348,29,5337.0,none
90WdBO4UlI0,UExPTVVkUUZkUy1YTUo0TkZISmxTQUxZQXQ0bC1MUGdTMS5CODAzNTc5NEFERjkzMDQ0,2022-07-04 11:03:41+00:00,public,UCGZXYc32ri4D0gSLPf2pZXQ,Armada Music TV,5050000,10645,242,22,3600.0,none
X8J1WmMK9pw,UExPTVVkUUZkUy1YTUo0TkZISmxTQUxZQXQ0bC1MUGdTMS44MThCMzZFNDc2RTk1MEY2,2022-07-04 17:00:30+00:00,public,UCDCCLsZ0OBG8Dt-3JMc3hkA,Big Beat Records,388000,2017,25,0,3593.0,none
-pzxY5DtZIQ,UExPTVVkUUZkUy1YTUo0TkZISmxTQUxZQXQ0bC1MUGdTMS5EQzY3OTQyMTc2ODlCOEM3,2022-07-04 18:00:14+00:00,public,UCSJ4gkVC6NrvII8umztf0Ow,Lofi Girl,10700000,177607,6515,380,1688.0,none
9a7Ri8ARRJw,UExPTVVkUUZkUy1YTUo0TkZISmxTQUxZQXQ0bC1MUGdTMS5BNDEyODI2QzIyNkJCRTMx,2022-07-06 16:30:11+00:00,public,UCX4sShAQf01LYjYQhG2ZgKg,Monstercat Silk,264000,7412,381,47,7605.0,none
uc4Iu8YF8aY,UExPTVVkUUZkUy1YTUo0TkZISmxTQUxZQXQ0bC1MUGdTMS4wRUE3MkE2QzM5M0M3RUMx,2022-07-06 16:54:36+00:00,public,UCIDA4NNU3jL8zqfs5huy0zA,bitbird,54400,2538,34,7,4807.0,none
YuSm9IDImc0,UExPTVVkUUZkUy1YTUo0TkZISmxTQUxZQXQ0bC1MUGdTMS4yRjhERkY5NDUyQUYyMjY1,2022-07-07 15:00:12+00:00,public,UCiiN5Ld9pGMwcYrLUJfYlCQ,Mixmash Records,137000,289,21,2,3639.0,none
C5pDfLGWLBY,UExPTVVkUUZkUy1YTUo0TkZISmxTQUxZQXQ0bC1MUGdTMS41MjUwREU3MjgyNjI1ODZC,2022-07-07 15:33:30+00:00,public,UCpDJl2EmP7Oh90Vylx0dZtA,Spinnin' Records,29600000,19828,721,13,3564.0,none
A48GyoEKTQk,UExPTVVkUUZkUy1YTUo0TkZISmxTQUxZQXQ0bC1MUGdTMS43MDA1N0U1MEJGRjdDNzUx,2022-07-07 19:15:49+00:00,public,UCwIgPuUJXuf2nY-nKsEvLOg,AirwaveMusicTV,3160000,14392,788,44,2398.0,none
YWqFPLNbo2s,UExPTVVkUUZkUy1YTUo0TkZISmxTQUxZQXQ0bC1MUGdTMS5FRjIwODg5RjRFMzgwNzQ2,2022-07-07 20:09:20+00:00,public,UCu5jfQcpRLm9xhmlSd5S8xw,Armin van Buuren,5280000,149046,4556,202,7250.0,none
1yS_r3HytUo,UExPTVVkUUZkUy1YTUo0TkZISmxTQUxZQXQ0bC1MUGdTMS44NzU0QzkxNUZBMjU2NjVE,2022-07-08 07:53:11+00:00,public,UCsN8M73DMWa8SPp5o_0IAQQ,Tomorrowland,10100000,31091,1663,82,3613.0,none
5-ISFFm2swI,UExPTVVkUUZkUy1YTUo0TkZISmxTQUxZQXQ0bC1MUGdTMS5CMERDMzBCRkNCQzdENkU2,2022-07-08 08:04:42+00:00,public,UCO0sfpPwj3PGVVH_jiqBA6A,Future House Cloud,225000,68964,537,11,8134.0,none
ov35bx6AwZw,UExPTVVkUUZkUy1YTUo0TkZISmxTQUxZQXQ0bC1MUGdTMS4yMUY5NzI2NUIwRDIyQUM4,2022-07-08 14:00:35+00:00,public,UCPk3RMMXAfLhMJPFpQhye9g,Tiësto,6140000,77165,2494,269,3546.0,none
HaGAW4poDxU,UExPTVVkUUZkUy1YTUo0TkZISmxTQUxZQXQ0bC1MUGdTMS5EREVFRjRENjQ3OTBFOTU3,2022-07-08 15:00:09+00:00,public,UCnhHe0_bk_1_0So41vsZvWw,Revealed Music,1560000,1703,100,2,3601.0,none
IXPhwx04eeU,UExPTVVkUUZkUy1YTUo0TkZISmxTQUxZQXQ0bC1MUGdTMS5EODk5RTI0RkMzQ0M2NTA0,2022-07-08 19:00:15+00:00,public,UCXGB0P-AhyZ4qYHWooiQzLA,Rushdown,6820,3920,352,55,2805.0,none
KiAmrZhTZ9s,UExPTVVkUUZkUy1YTUo0TkZISmxTQUxZQXQ0bC1MUGdTMS5DMDQzQ0Y1OUU5Qjk1NjE1,2022-07-08 20:00:10+00:00,public,UCmKm7HJdOfkWLyml-fzKlVg,Afrojack,2530000,8573,366,35,3609.0,none
z2TJiWFNAXA,UExPTVVkUUZkUy1YTUo0TkZISmxTQUxZQXQ0bC1MUGdTMS45QzgzRjYzM0NGOEI2MzdG,2022-07-09 06:05:52+00:00,public,UCGXkgynD9YyoEIVyqpaUElw,Enhanced Music,89400,1454,67,0,7205.0,none
vNCB0pZZUz8,UExPTVVkUUZkUy1YTUo0TkZISmxTQUxZQXQ0bC1MUGdTMS4yRDBGQTZGNkIwQjRCRDI1,2022-07-09 11:00:26+00:00,public,UCVGTuylKPv8SfVDSyho5WFw,Mike Williams,107000,1328,82,11,3673.0,none
nsyHUfPNhLw,UExPTVVkUUZkUy1YTUo0TkZISmxTQUxZQXQ0bC1MUGdTMS5GOUNCNzE3MTRGRUE3MjY5,2022-07-09 14:00:32+00:00,public,UCuCFbUOszL3QkYVUWZzKH8Q,Musical Freedom,707000,3245,154,12,3600.0,none
5RZZZd4beYc,UExPTVVkUUZkUy1YTUo0TkZISmxTQUxZQXQ0bC1MUGdTMS43MDZDRDAzQTY4MTg4RUNB,2022-07-10 00:37:04+00:00,public,UC-EVnno6x6-aAG6g1ZVoN3A,Oliver Heldens,831000,2005,133,24,5156.0,none
So9AFHPoWkw,UExPTVVkUUZkUy1YTUo0TkZISmxTQUxZQXQ0bC1MUGdTMS5DRTdDRERFQTdFMzdCQzY3,2022-07-10 11:56:57+00:00,public,UCu5jfQcpRLm9xhmlSd5S8xw,Armin van Buuren,5280000,394559,11682,724,7127.0,none
jH1Li6qBKZs,UExPTVVkUUZkUy1YTUo0TkZISmxTQUxZQXQ0bC1MUGdTMS45ODgxOEREMUY2RjgwODM4,2022-07-11 10:00:22+00:00,public,UCGZXYc32ri4D0gSLPf2pZXQ,Armada Music TV,5050000,7614,211,30,3601.0,none
Ye4v_jwgaNQ,UExPTVVkUUZkUy1YTUo0TkZISmxTQUxZQXQ0bC1MUGdTMS44QzRDRDAyQTFFQzhENzMz,2022-07-11 14:00:30+00:00,public,UCDCCLsZ0OBG8Dt-3JMc3hkA,Big Beat Records,388000,4123,43,4,3621.0,none
KSoZxeqVP5c,UExPTVVkUUZkUy1YTUo0TkZISmxTQUxZQXQ0bC1MUGdTMS5DMTAzN0FDQTlEQzZBRTNF,2022-07-12 12:57:45+00:00,public,UC5H_KXkPbEsGs0tFt8R35mA,Martin Garrix,14400000,32424,1415,93,3600.0,none
DyzyZzsr-0o,UExPTVVkUUZkUy1YTUo0TkZISmxTQUxZQXQ0bC1MUGdTMS43MDRBOUFFNjQxQ0MyNERB,2022-07-13 14:00:05+00:00,public,UCXvSeBDvzmPO05k-0RyB34w,Future House Music,1140000,6981,283,37,3884.0,none
9g0xgyEHsA8,UExPTVVkUUZkUy1YTUo0TkZISmxTQUxZQXQ0bC1MUGdTMS42OTk4MDYzN0M4MTU5NzU3,2022-07-13 18:02:30+00:00,public,UCSJ4gkVC6NrvII8umztf0Ow,Lofi Girl,11000000,89344,3503,140,893.0,none
fpbsW_Krf94,UExPTVVkUUZkUy1YTUo0TkZISmxTQUxZQXQ0bC1MUGdTMS43REU2ODY1MzU3ODlENEND,2022-07-14 15:00:10+00:00,public,UCiiN5Ld9pGMwcYrLUJfYlCQ,Mixmash Records,137000,234,23,4,3492.0,none
WvA6l6yhFWc,UExPTVVkUUZkUy1YTUo0TkZISmxTQUxZQXQ0bC1MUGdTMS4wMjJBNDBBNjdEMTg4Q0Y2,2022-07-14 15:56:42+00:00,public,UCpDJl2EmP7Oh90Vylx0dZtA,Spinnin' Records,29600000,17273,670,23,3380.0,none
ccRCWK80PAA,UExPTVVkUUZkUy1YTUo0TkZISmxTQUxZQXQ0bC1MUGdTMS5EOEExNjIwNkNFOTBBQTVC,2022-07-14 20:07:53+00:00,public,UCu5jfQcpRLm9xhmlSd5S8xw,Armin van Buuren,5290000,160401,4733,239,7195.0,none
2ADDn-HbVLg,UExPTVVkUUZkUy1YTUo0TkZISmxTQUxZQXQ0bC1MUGdTMS5DMzk1OUY4QTk4QUMwQTEw,2022-07-15 08:00:29+00:00,public,UCO0sfpPwj3PGVVH_jiqBA6A,Future House Cloud,227000,65659,574,24,10144.0,none
3_BPaYEXZ4Y,UExPTVVkUUZkUy1YTUo0TkZISmxTQUxZQXQ0bC1MUGdTMS4wQzgyQUM5RURBOTJGQUU1,2022-07-15 14:00:01+00:00,public,UCPk3RMMXAfLhMJPFpQhye9g,Tiësto,6150000,80720,2472,151,3582.0,none
-hxuQqtQK_A,UExPTVVkUUZkUy1YTUo0TkZISmxTQUxZQXQ0bC1MUGdTMS5BNzU5MEUxQTE1NDlGQ0U3,2022-07-15 14:30:00+00:00,public,UCalCDSmZAYD73tqVZ4l8yJg,A State Of Trance,772000,5467,348,22,3499.0,none
hcfMyxZHD-4,UExPTVVkUUZkUy1YTUo0TkZISmxTQUxZQXQ0bC1MUGdTMS4zMkRGRDQyQjUwQ0ExRkYw,2022-07-15 15:00:34+00:00,public,UCnhHe0_bk_1_0So41vsZvWw,Revealed Music,1560000,1344,92,6,3606.0,none
b2WKbfHlvGo,UExPTVVkUUZkUy1YTUo0TkZISmxTQUxZQXQ0bC1MUGdTMS5BOEM4QzFGMDVEMEM3RDAy,2022-07-15 17:00:12+00:00,public,UCDVKYPXwdYUQfgA05CkyFSg,GameChops,510000,23364,1469,99,1819.0,none
-fvykEZy4-o,UExPTVVkUUZkUy1YTUo0TkZISmxTQUxZQXQ0bC1MUGdTMS42NjdFNjM1MEI2Rjg4OUE4,2022-07-15 20:00:09+00:00,public,UCmKm7HJdOfkWLyml-fzKlVg,Afrojack,2530000,7839,348,34,3586.0,none
iJMsaWiIPVU,UExPTVVkUUZkUy1YTUo0TkZISmxTQUxZQXQ0bC1MUGdTMS4zRTkwOENEMUFBRTMwM0Ey,2022-07-16 06:07:51+00:00,public,UCGXkgynD9YyoEIVyqpaUElw,Enhanced Music,89500,1261,76,3,7205.0,none
Lslwch5TyZQ,UExPTVVkUUZkUy1YTUo0TkZISmxTQUxZQXQ0bC1MUGdTMS5BMDRGQkU0ODcwREVDRDQ2,2022-07-16 11:00:11+00:00,public,UCVGTuylKPv8SfVDSyho5WFw,Mike Williams,107000,1229,88,7,3617.0,none
k_62v5n0u2A,UExPTVVkUUZkUy1YTUo0TkZISmxTQUxZQXQ0bC1MUGdTMS40RjgyQ0E1RjFBNkIyMkY0,2022-07-16 11:00:25+00:00,public,UCalCDSmZAYD73tqVZ4l8yJg,A State Of Trance,772000,10139,590,38,3464.0,none
j9DsnHDtW0g,UExPTVVkUUZkUy1YTUo0TkZISmxTQUxZQXQ0bC1MUGdTMS5FRDk1QjRGODIxREU4QzZC,2022-07-18 06:47:48+00:00,public,UCuCFbUOszL3QkYVUWZzKH8Q,Musical Freedom,708000,2883,172,3,3610.0,none
PRx3DgArMhY,UExPTVVkUUZkUy1YTUo0TkZISmxTQUxZQXQ0bC1MUGdTMS5FNDUyQjI4QzZEODc2QjBC,2022-07-18 11:00:11+00:00,public,UCGZXYc32ri4D0gSLPf2pZXQ,Armada Music TV,5050000,24049,305,15,3600.0,none
Wc-sujR7Trc,UExPTVVkUUZkUy1YTUo0TkZISmxTQUxZQXQ0bC1MUGdTMS4wNjYzMUQ3MTFFN0VFNkJB,2022-07-18 17:00:18+00:00,public,UCDCCLsZ0OBG8Dt-3JMc3hkA,Big Beat Records,388000,4848,23,2,3611.0,none
-jF4LEKGFZM,UExPTVVkUUZkUy1YTUo0TkZISmxTQUxZQXQ0bC1MUGdTMS5BMzBEMTVGOTUyMTAzQUYy,2022-07-18 18:01:11+00:00,public,UCSJ4gkVC6NrvII8umztf0Ow,Lofi Girl,11000000,109944,4838,181,991.0,none
mjb3JTSeAJQ,UExPTVVkUUZkUy1YTUo0TkZISmxTQUxZQXQ0bC1MUGdTMS4zMThCQUQwNDExRUYyQ0JC,2022-07-19 12:16:14+00:00,unlisted,UCsN8M73DMWa8SPp5o_0IAQQ,Tomorrowland,10200000,16462,665,42,5740.0,none
ji481H-nNCA,UExPTVVkUUZkUy1YTUo0TkZISmxTQUxZQXQ0bC1MUGdTMS5ENjZDOTg4NDY5M0Y5MzM2,2022-07-19 20:34:34+00:00,unlisted,UCsN8M73DMWa8SPp5o_0IAQQ,Tomorrowland,10200000,26758,1188,76,5211.0,none
eZn7Z2-E6XY,UExPTVVkUUZkUy1YTUo0TkZISmxTQUxZQXQ0bC1MUGdTMS42ODk4NkI3NjJGOTQ4N0ZC,2022-07-19 20:05:25+00:00,public,UC5H_KXkPbEsGs0tFt8R35mA,Martin Garrix,14400000,25857,1277,104,3600.0,none
j3LCjonJwcs,UExPTVVkUUZkUy1YTUo0TkZISmxTQUxZQXQ0bC1MUGdTMS5BRDAwMkFENUFBQkZFMDg1,2022-07-20 16:30:12+00:00,public,UC4YCVy0ggUoFd2NVU2z04WA,KAAZE,15400,5099,540,74,2167.0,none
CNlM8dSCyFA,UExPTVVkUUZkUy1YTUo0TkZISmxTQUxZQXQ0bC1MUGdTMS4zOEJCQkE0QjlEMDQyMzA3,2022-07-20 17:00:07+00:00,public,UCIDA4NNU3jL8zqfs5huy0zA,bitbird,54600,2099,70,12,1079.0,none
9CtwapJW_O0,UExPTVVkUUZkUy1YTUo0TkZISmxTQUxZQXQ0bC1MUGdTMS5DRTcwNEVBNEEyQTZDM0Ex,2022-07-21 15:00:03+00:00,public,UCiiN5Ld9pGMwcYrLUJfYlCQ,Mixmash Records,137000,259,16,4,3649.0,none
nAed0MxUU1g,UExPTVVkUUZkUy1YTUo0TkZISmxTQUxZQXQ0bC1MUGdTMS5DN0Y5ODNGRkJDMEIwNDZB,2022-07-21 15:31:46+00:00,public,UCpDJl2EmP7Oh90Vylx0dZtA,Spinnin' Records,29600000,21422,861,17,3441.0,none
BW-BsM31x94,UExPTVVkUUZkUy1YTUo0TkZISmxTQUxZQXQ0bC1MUGdTMS44RUEzOEE2MDE4MDM2MTky,2022-07-21 20:02:13+00:00,public,UCu5jfQcpRLm9xhmlSd5S8xw,Armin van Buuren,5300000,166199,5155,346,6925.0,none
QpKMJIihS80,UExPTVVkUUZkUy1YTUo0TkZISmxTQUxZQXQ0bC1MUGdTMS4yRkI2ODMzMTcwQTRGMTdC,2022-07-22 08:01:40+00:00,public,UCO0sfpPwj3PGVVH_jiqBA6A,Future House Cloud,229000,10016,136,10,4923.0,none
1XxReHbgsjQ,UExPTVVkUUZkUy1YTUo0TkZISmxTQUxZQXQ0bC1MUGdTMS5FMjY3MkYyNjQ2MTg5NzFF,2022-07-22 14:00:01+00:00,public,UCPk3RMMXAfLhMJPFpQhye9g,Tiësto,6160000,67822,2260,149,3592.0,none
rUGuSD6kybI,UExPTVVkUUZkUy1YTUo0TkZISmxTQUxZQXQ0bC1MUGdTMS43NjBBRkNFNTM1ODdDMDgw,2022-07-22 15:00:39+00:00,public,UCnhHe0_bk_1_0So41vsZvWw,Revealed Music,1560000,1899,117,6,3611.0,none
szhBJK5oJb4,UExPTVVkUUZkUy1YTUo0TkZISmxTQUxZQXQ0bC1MUGdTMS44MkQ1NTQxRTY2Njg4RDBC,2022-07-22 20:00:11+00:00,public,UCmKm7HJdOfkWLyml-fzKlVg,Afrojack,2530000,6958,295,40,3606.0,none
LimyNvKcReQ,UExPTVVkUUZkUy1YTUo0TkZISmxTQUxZQXQ0bC1MUGdTMS5BRjM4OEI3MDIxQkIwNEEx,2022-07-23 06:06:45+00:00,public,UCGXkgynD9YyoEIVyqpaUElw,Enhanced Music,89600,1364,62,4,7205.0,none
6-Xin5M_arc,UExPTVVkUUZkUy1YTUo0TkZISmxTQUxZQXQ0bC1MUGdTMS5DRkJDNzI3NjRCMUJERUYw,2022-07-23 14:00:03+00:00,public,UCuCFbUOszL3QkYVUWZzKH8Q,Musical Freedom,708000,2232,111,4,3579.0,none
MeSmlQZYtno,UExPTVVkUUZkUy1YTUo0TkZISmxTQUxZQXQ0bC1MUGdTMS5BNEYxQjY2RTFEQ0ZEMjcw,2022-07-23 17:02:11+00:00,public,UCa10nxShhzNrCE1o2ZOPztg,Trap Nation,30400000,40421,1741,94,3371.0,none
cdpg4ByAFYU,UExPTVVkUUZkUy1YTUo0TkZISmxTQUxZQXQ0bC1MUGdTMS41NTA1NjcwODc4RTQxRjRC,2022-07-23 19:00:09+00:00,public,UC-EVnno6x6-aAG6g1ZVoN3A,Oliver Heldens,832000,10279,382,45,5202.0,none
ngBNOEsXHBA,UExPTVVkUUZkUy1YTUo0TkZISmxTQUxZQXQ0bC1MUGdTMS42QzI1QkQ3QTAzM0VCODcw,2022-07-25 11:10:37+00:00,public,UCGZXYc32ri4D0gSLPf2pZXQ,Armada Music TV,5060000,3578,223,16,3623.0,none
2XNDVZombLA,UExPTVVkUUZkUy1YTUo0TkZISmxTQUxZQXQ0bC1MUGdTMS5GRkE1RDgyQkNCNzVBNUMx,2022-07-25 14:00:03+00:00,public,UC5H_KXkPbEsGs0tFt8R35mA,Martin Garrix,14400000,29335,1356,91,3600.0,none
EAAzm0_jEZc,UExPTVVkUUZkUy1YTUo0TkZISmxTQUxZQXQ0bC1MUGdTMS44ODA1RDFFM0Q4OTY1MEJF,2022-07-25 17:00:14+00:00,public,UCDCCLsZ0OBG8Dt-3JMc3hkA,Big Beat Records,389000,6027,65,1,3624.0,none
y--847NiTQw,UExPTVVkUUZkUy1YTUo0TkZISmxTQUxZQXQ0bC1MUGdTMS5EN0NFNTkzRjg3NkYxRjcy,2022-07-25 18:01:03+00:00,public,UCSJ4gkVC6NrvII8umztf0Ow,Lofi Girl,11100000,166855,6891,215,1438.0,none
jUk4Wwh1vGc,UExPTVVkUUZkUy1YTUo0TkZISmxTQUxZQXQ0bC1MUGdTMS5FNUM4ODc1QzNCMTU5QjNF,2022-07-25 19:00:16+00:00,public,UCXGB0P-AhyZ4qYHWooiQzLA,Rushdown,7010,3209,312,53,1180.0,none
UwUptlL15Og,UExPTVVkUUZkUy1YTUo0TkZISmxTQUxZQXQ0bC1MUGdTMS42MjNBMzdGRTA1QkQ1MTVB,2022-07-26 09:53:30+00:00,public,UCalCDSmZAYD73tqVZ4l8yJg,A State Of Trance,773000,5872,369,36,1486.0,none
nukHYVx7OXE,UExPTVVkUUZkUy1YTUo0TkZISmxTQUxZQXQ0bC1MUGdTMS41RThDMTg3OUYzRjI1RDg4,2022-07-27 02:46:52+00:00,public,UC-EVnno6x6-aAG6g1ZVoN3A,Oliver Heldens,832000,19291,563,41,5248.0,none
3zOk7phXSrE,UExPTVVkUUZkUy1YTUo0TkZISmxTQUxZQXQ0bC1MUGdTMS4wNzAzQUE2RTAzMzFGRkZE,2022-07-28 15:00:04+00:00,public,UCiiN5Ld9pGMwcYrLUJfYlCQ,Mixmash Records,137000,231,18,2,3417.0,none
v9j-zKx77G0,UExPTVVkUUZkUy1YTUo0TkZISmxTQUxZQXQ0bC1MUGdTMS5DOUVFNkQ5Njg2MUZBODdD,2022-07-28 15:30:26+00:00,public,UCpDJl2EmP7Oh90Vylx0dZtA,Spinnin' Records,29600000,19442,768,14,3384.0,none
zK7Gterq9uc,UExPTVVkUUZkUy1YTUo0TkZISmxTQUxZQXQ0bC1MUGdTMS44MjdDQUY2RDQ0ODMzNENE,2022-07-28 18:44:20+00:00,public,UCpYkkFDnvHka9CBuwxPpqXw,UKF On Air,182000,1060,39,2,2501.0,none
DwtjBMih22k,UExPTVVkUUZkUy1YTUo0TkZISmxTQUxZQXQ0bC1MUGdTMS5FNTQxMzY3RjA1OTJCODkw,2022-07-28 20:02:02+00:00,public,UCpYkkFDnvHka9CBuwxPpqXw,UKF On Air,182000,1404,66,14,3853.0,none
kHyDNjP-4Sk,UExPTVVkUUZkUy1YTUo0TkZISmxTQUxZQXQ0bC1MUGdTMS4yQTI4QjI0NUE0ODA2MzRE,2022-07-28 20:51:38+00:00,public,UCpYkkFDnvHka9CBuwxPpqXw,UKF On Air,182000,2146,138,28,3527.0,none
esmCETHwiRQ,UExPTVVkUUZkUy1YTUo0TkZISmxTQUxZQXQ0bC1MUGdTMS5CQTIyN0QxODFBODIxM0Qx,2022-07-28 21:53:50+00:00,public,UCpYkkFDnvHka9CBuwxPpqXw,UKF On Air,182000,2649,135,20,3593.0,none
wDfwG_i5GR0,UExPTVVkUUZkUy1YTUo0TkZISmxTQUxZQXQ0bC1MUGdTMS40QzQ5QzRDOEI3Q0I1QTY2,2022-07-28 20:28:11+00:00,public,UCu5jfQcpRLm9xhmlSd5S8xw,Armin van Buuren,5310000,157651,4762,265,7265.0,none
xhKhEHpRvgg,UExPTVVkUUZkUy1YTUo0TkZISmxTQUxZQXQ0bC1MUGdTMS5EMTRDQ0Q0MTYyRTM1N0I4,2022-07-29 07:44:59+00:00,public,UCO0sfpPwj3PGVVH_jiqBA6A,Future House Cloud,231000,77691,587,17,7390.0,none
KEcjAqGNmaE,UExPTVVkUUZkUy1YTUo0TkZISmxTQUxZQXQ0bC1MUGdTMS45RDQ2MDcyMjdGMzM3NzM3,2022-07-29 14:00:20+00:00,public,UCPk3RMMXAfLhMJPFpQhye9g,Tiësto,6180000,66550,2354,153,3573.0,none
S6JCcb0ozg8,UExPTVVkUUZkUy1YTUo0TkZISmxTQUxZQXQ0bC1MUGdTMS4xMTREODNEQkFEMTQwNjg4,2022-07-29 15:00:26+00:00,public,UCnhHe0_bk_1_0So41vsZvWw,Revealed Music,1560000,1959,111,5,3607.0,none
TO-Ap8cAxEA,UExPTVVkUUZkUy1YTUo0TkZISmxTQUxZQXQ0bC1MUGdTMS5DNkE4NUQwQzFFQjY0RDdE,2022-07-29 16:12:02+00:00,public,UCCvVpbYRgYjMN7mG7qQN0Pg,Bass Nation,2940000,11025,430,96,1915.0,none
-R0nUIAw4qU,UExPTVVkUUZkUy1YTUo0TkZISmxTQUxZQXQ0bC1MUGdTMS44RjRGMDE0MzdEMjJFODZG,2022-07-29 17:02:50+00:00,public,UCbr_gpafjcwT_MjV6K3Nh5g,Lowly.,617000,9300,237,14,4783.0,none
1BPj3Ja3emg,UExPTVVkUUZkUy1YTUo0TkZISmxTQUxZQXQ0bC1MUGdTMS4zRjM0RTdEOTkwRDI5MDFG,2022-07-29 18:00:12+00:00,public,UCDVKYPXwdYUQfgA05CkyFSg,GameChops,512000,9777,687,43,1740.0,none
cRV79AQLJ5E,UExPTVVkUUZkUy1YTUo0TkZISmxTQUxZQXQ0bC1MUGdTMS4wMTdGNzg0NjM1RjQ5OEM3,2022-07-29 20:00:11+00:00,public,UCmKm7HJdOfkWLyml-fzKlVg,Afrojack,2530000,6387,254,10,3583.0,none
K7jva1ChXz0,UExPTVVkUUZkUy1YTUo0TkZISmxTQUxZQXQ0bC1MUGdTMS41RDlDNjkxMDgxRTI5QUJB,2022-07-30 06:06:10+00:00,public,UCGXkgynD9YyoEIVyqpaUElw,Enhanced Music,89700,1341,46,5,7205.0,none
tcsCHWKtbP8,UExPTVVkUUZkUy1YTUo0TkZISmxTQUxZQXQ0bC1MUGdTMS41QkQ1MDFGQjMwMEU0MjND,2022-07-30 11:00:26+00:00,public,UCalCDSmZAYD73tqVZ4l8yJg,A State Of Trance,773000,6642,488,55,1569.0,none
yZXCSZsDzJk,UExPTVVkUUZkUy1YTUo0TkZISmxTQUxZQXQ0bC1MUGdTMS4wOUExQjQ1QTZENTBBRjdE,2022-07-30 11:00:28+00:00,public,UCVGTuylKPv8SfVDSyho5WFw,Mike Williams,107000,1049,83,9,3694.0,none
ZIXeSy0JIpI,UExPTVVkUUZkUy1YTUo0TkZISmxTQUxZQXQ0bC1MUGdTMS43MEQ5RjM3MDJBRjE3NDNB,2022-07-30 15:00:16+00:00,public,UCGZXYc32ri4D0gSLPf2pZXQ,Armada Music TV,5060000,27786,1421,96,5998.0,none
XhdCoIwyyxI,UExPTVVkUUZkUy1YTUo0TkZISmxTQUxZQXQ0bC1MUGdTMS5DRjVDNEFDNTg5NUQ1RkNG,2022-07-30 16:00:09+00:00,public,UC-EVnno6x6-aAG6g1ZVoN3A,Oliver Heldens,832000,9871,360,34,5361.0,none
i5orFvRz8CI,UExPTVVkUUZkUy1YTUo0TkZISmxTQUxZQXQ0bC1MUGdTMS5BRDUxOTI4N0ZEREU3MEM1,2022-08-01 11:00:33+00:00,public,UCGZXYc32ri4D0gSLPf2pZXQ,Armada Music TV,5060000,5569,198,38,3602.0,none
1Vm2E-NZLG0,UExPTVVkUUZkUy1YTUo0TkZISmxTQUxZQXQ0bC1MUGdTMS5GMzc1RUQwQzVERjlEMDdG,2022-08-01 16:00:00+00:00,public,UCsN8M73DMWa8SPp5o_0IAQQ,Tomorrowland,10300000,22715,862,110,3673.0,none
08wTTKbpsF4,UExPTVVkUUZkUy1YTUo0TkZISmxTQUxZQXQ0bC1MUGdTMS5DMEUxNzI0NDI5QjQ1QjlE,2022-08-01 16:00:00+00:00,public,UCsN8M73DMWa8SPp5o_0IAQQ,Tomorrowland,10300000,11564,525,39,3612.0,none
aU-o-ljs91s,UExPTVVkUUZkUy1YTUo0TkZISmxTQUxZQXQ0bC1MUGdTMS5CQUY1MjhFOUYxMjVEM0ZG,2022-08-01 16:00:01+00:00,public,UCsN8M73DMWa8SPp5o_0IAQQ,Tomorrowland,10300000,260672,6328,376,3659.0,none
50sXNYiZ360,UExPTVVkUUZkUy1YTUo0TkZISmxTQUxZQXQ0bC1MUGdTMS4zMjMzODQzNUE5RUQ0OEY4,2022-08-01 16:00:02+00:00,public,UCsN8M73DMWa8SPp5o_0IAQQ,Tomorrowland,10300000,32929,978,53,3470.0,none
2vf0EovZbCE,UExPTVVkUUZkUy1YTUo0TkZISmxTQUxZQXQ0bC1MUGdTMS5ENzZEMzBEREE1MENDMEUw,2022-08-01 16:00:02+00:00,public,UCsN8M73DMWa8SPp5o_0IAQQ,Tomorrowland,10300000,31545,1136,136,3639.0,none
3dgRybvRjzk,UExPTVVkUUZkUy1YTUo0TkZISmxTQUxZQXQ0bC1MUGdTMS5BNkUzNjgxRThDREVBQkY5,2022-08-01 16:00:03+00:00,public,UCsN8M73DMWa8SPp5o_0IAQQ,Tomorrowland,10300000,7587,226,22,5558.0,none
50mdeo8ghHw,UExPTVVkUUZkUy1YTUo0TkZISmxTQUxZQXQ0bC1MUGdTMS42NzEyMDIyNUI5MEJBMDIw,2022-08-01 16:00:03+00:00,public,UCsN8M73DMWa8SPp5o_0IAQQ,Tomorrowland,10300000,7238,271,22,5089.0,none
9boTf6ZMkW8,UExPTVVkUUZkUy1YTUo0TkZISmxTQUxZQXQ0bC1MUGdTMS4xMjUwQ0Q1NEJDMjZFN0ND,2022-08-01 16:00:04+00:00,public,UCsN8M73DMWa8SPp5o_0IAQQ,Tomorrowland,10300000,75983,1885,178,3609.0,none
54Q_VYSUYK0,UExPTVVkUUZkUy1YTUo0TkZISmxTQUxZQXQ0bC1MUGdTMS40RTFFNzZGODlDQkQzQjYy,2022-08-01 16:00:05+00:00,public,UCsN8M73DMWa8SPp5o_0IAQQ,Tomorrowland,10300000,18855,708,54,3630.0,none
CvIIF4RGAK0,UExPTVVkUUZkUy1YTUo0TkZISmxTQUxZQXQ0bC1MUGdTMS44RUFBMEU1M0VGQUQ0MTYz,2022-08-01 16:00:05+00:00,public,UCsN8M73DMWa8SPp5o_0IAQQ,Tomorrowland,10300000,3899,161,13,3154.0,none
8crDa3_qWmM,UExPTVVkUUZkUy1YTUo0TkZISmxTQUxZQXQ0bC1MUGdTMS42ODFGN0E1QzU1RjJEMTNE,2022-08-01 16:00:05+00:00,public,UCsN8M73DMWa8SPp5o_0IAQQ,Tomorrowland,10300000,22018,1475,188,3648.0,none
6bSUui6pAoo,UExPTVVkUUZkUy1YTUo0TkZISmxTQUxZQXQ0bC1MUGdTMS4zNkFDNzI0MUNBMzNBQTJF,2022-08-01 16:00:07+00:00,public,UCsN8M73DMWa8SPp5o_0IAQQ,Tomorrowland,10300000,17614,736,88,3712.0,none
J889vDszkIY,UExPTVVkUUZkUy1YTUo0TkZISmxTQUxZQXQ0bC1MUGdTMS4wOTRCMzhFQUUzMTc2RTgw,2022-08-01 16:00:10+00:00,public,UCsN8M73DMWa8SPp5o_0IAQQ,Tomorrowland,10300000,12100,583,48,3495.0,none
JcPeIt2Cehg,UExPTVVkUUZkUy1YTUo0TkZISmxTQUxZQXQ0bC1MUGdTMS5BNEY1N0ZFNUUxN0MyMEYz,2022-08-01 16:00:10+00:00,public,UCsN8M73DMWa8SPp5o_0IAQQ,Tomorrowland,10300000,37438,1620,124,7160.0,none
KTjdzG0o0Tc,UExPTVVkUUZkUy1YTUo0TkZISmxTQUxZQXQ0bC1MUGdTMS45QzFBNzJEN0YzQTJGMDk2,2022-08-01 16:00:10+00:00,public,UCsN8M73DMWa8SPp5o_0IAQQ,Tomorrowland,10300000,5987,252,21,3447.0,none
JXEgbvBWH_g,UExPTVVkUUZkUy1YTUo0TkZISmxTQUxZQXQ0bC1MUGdTMS4zNUVDQUI2QjYwRDY2NjlB,2022-08-01 16:00:11+00:00,public,UCsN8M73DMWa8SPp5o_0IAQQ,Tomorrowland,10300000,53758,2206,181,3715.0,none
IG19Jo7NxnQ,UExPTVVkUUZkUy1YTUo0TkZISmxTQUxZQXQ0bC1MUGdTMS5CNTU5ODRGREI3MkJBODdD,2022-08-01 16:00:11+00:00,public,UCsN8M73DMWa8SPp5o_0IAQQ,Tomorrowland,10300000,13848,636,44,3505.0,none
HhjQHsSZ2PY,UExPTVVkUUZkUy1YTUo0TkZISmxTQUxZQXQ0bC1MUGdTMS41NEJCRUVDMTFFREQ3N0I4,2022-08-01 16:00:12+00:00,public,UCsN8M73DMWa8SPp5o_0IAQQ,Tomorrowland,10300000,15888,529,36,7110.0,none
EoUi2DmAHIY,UExPTVVkUUZkUy1YTUo0TkZISmxTQUxZQXQ0bC1MUGdTMS4zQTc0QzNGRDc2MUQzOTU4,2022-08-01 16:00:12+00:00,public,UCsN8M73DMWa8SPp5o_0IAQQ,Tomorrowland,10300000,25157,723,117,3581.0,none
OVItXkpb2_U,UExPTVVkUUZkUy1YTUo0TkZISmxTQUxZQXQ0bC1MUGdTMS5GRTg5NTM0Q0U2RkYwQTE4,2022-08-01 16:00:13+00:00,public,UCsN8M73DMWa8SPp5o_0IAQQ,Tomorrowland,10300000,12482,524,33,7273.0,none
Ng6d9FKIvqY,UExPTVVkUUZkUy1YTUo0TkZISmxTQUxZQXQ0bC1MUGdTMS5GRjcyMjRFMEEyNDRENTA5,2022-08-01 16:00:13+00:00,public,UCsN8M73DMWa8SPp5o_0IAQQ,Tomorrowland,10300000,57987,2710,251,5435.0,none
FU6KA0xohw8,UExPTVVkUUZkUy1YTUo0TkZISmxTQUxZQXQ0bC1MUGdTMS5EOEQwNjk3Qzg3MDUwODA2,2022-08-01 16:00:15+00:00,public,UCsN8M73DMWa8SPp5o_0IAQQ,Tomorrowland,10300000,3045,81,3,3576.0,none
Tal6WUz3Fbs,UExPTVVkUUZkUy1YTUo0TkZISmxTQUxZQXQ0bC1MUGdTMS5FNkMxMDc0MzI3QzBFRTU2,2022-08-01 16:00:16+00:00,public,UCsN8M73DMWa8SPp5o_0IAQQ,Tomorrowland,10300000,66587,2326,200,3564.0,none
WzwCiD7U6qk,UExPTVVkUUZkUy1YTUo0TkZISmxTQUxZQXQ0bC1MUGdTMS45RjFFRDA0ODEyRjNBMDYy,2022-08-01 16:00:16+00:00,public,UCsN8M73DMWa8SPp5o_0IAQQ,Tomorrowland,10300000,17840,727,53,3399.0,none
Ys0bwmXceZA,UExPTVVkUUZkUy1YTUo0TkZISmxTQUxZQXQ0bC1MUGdTMS43NEQ2OTM1MTY3ODBGQjYz,2022-08-01 16:00:16+00:00,public,UCsN8M73DMWa8SPp5o_0IAQQ,Tomorrowland,10300000,30308,1234,51,3555.0,none
GXeIYSOcYeA,UExPTVVkUUZkUy1YTUo0TkZISmxTQUxZQXQ0bC1MUGdTMS45MDgyNjY2MzMwMEFGRDI5,2022-08-01 16:00:17+00:00,public,UCsN8M73DMWa8SPp5o_0IAQQ,Tomorrowland,10300000,114,8,2,3484.0,none
YgOmUZx-pL4,UExPTVVkUUZkUy1YTUo0TkZISmxTQUxZQXQ0bC1MUGdTMS4yRTZCRTM0NURFNzhFNUZB,2022-08-01 16:00:18+00:00,public,UCsN8M73DMWa8SPp5o_0IAQQ,Tomorrowland,10300000,80165,4058,355,3478.0,none
RuWMvImfcS8,UExPTVVkUUZkUy1YTUo0TkZISmxTQUxZQXQ0bC1MUGdTMS5BRjY5MUE1RTNBRkREQzFC,2022-08-01 16:00:19+00:00,public,UCsN8M73DMWa8SPp5o_0IAQQ,Tomorrowland,10300000,24778,774,45,3638.0,none
K2gHtHkhU_I,UExPTVVkUUZkUy1YTUo0TkZISmxTQUxZQXQ0bC1MUGdTMS42NTU3MUQxMEE0NTMxREEy,2022-08-01 16:00:20+00:00,public,UCsN8M73DMWa8SPp5o_0IAQQ,Tomorrowland,10300000,13247,539,57,3472.0,none
NNykSpfiwZs,UExPTVVkUUZkUy1YTUo0TkZISmxTQUxZQXQ0bC1MUGdTMS4yNkE5QUNGQTVDQzc4NEZB,2022-08-01 16:00:20+00:00,public,UCsN8M73DMWa8SPp5o_0IAQQ,Tomorrowland,10300000,21180,922,61,3551.0,none
ZViMqejyI30,UExPTVVkUUZkUy1YTUo0TkZISmxTQUxZQXQ0bC1MUGdTMS5GNzQ2Q0EzRDA2RDU0OUU3,2022-08-01 16:00:20+00:00,public,UCsN8M73DMWa8SPp5o_0IAQQ,Tomorrowland,10300000,40772,1366,92,7209.0,none
d5c9VbQQrKg,UExPTVVkUUZkUy1YTUo0TkZISmxTQUxZQXQ0bC1MUGdTMS43RUQ0OENDRUFGNjEwNTlD,2022-08-01 16:00:21+00:00,public,UCsN8M73DMWa8SPp5o_0IAQQ,Tomorrowland,10300000,505660,10422,386,3598.0,none
j1ZZOuxtzrc,UExPTVVkUUZkUy1YTUo0TkZISmxTQUxZQXQ0bC1MUGdTMS4wQTUyMDI4MTNCQkM2RkZF,2022-08-01 16:00:22+00:00,public,UCsN8M73DMWa8SPp5o_0IAQQ,Tomorrowland,10300000,134120,1788,127,3693.0,none
KgO7--NuCfs,UExPTVVkUUZkUy1YTUo0TkZISmxTQUxZQXQ0bC1MUGdTMS4zREU5RTk2QUMzMERDOTdD,2022-08-01 16:00:23+00:00,public,UCsN8M73DMWa8SPp5o_0IAQQ,Tomorrowland,10300000,8408,243,17,3694.0,none
NGUdK5i-YmI,UExPTVVkUUZkUy1YTUo0TkZISmxTQUxZQXQ0bC1MUGdTMS41M0I1MTE3REEwNkZEMDIw,2022-08-01 16:00:23+00:00,public,UCsN8M73DMWa8SPp5o_0IAQQ,Tomorrowland,10300000,19474,755,91,3575.0,none
iIQVr40Mnw4,UExPTVVkUUZkUy1YTUo0TkZISmxTQUxZQXQ0bC1MUGdTMS45NzlEQTJENUEyOUE3REFG,2022-08-01 16:00:23+00:00,unlisted,UCsN8M73DMWa8SPp5o_0IAQQ,Tomorrowland,10300000,1,0,0,2640.0,none
hLdhzOHvEoI,UExPTVVkUUZkUy1YTUo0TkZISmxTQUxZQXQ0bC1MUGdTMS41RDk5QUEyN0Q3NUUwMzM1,2022-08-01 16:00:27+00:00,public,UCsN8M73DMWa8SPp5o_0IAQQ,Tomorrowland,10300000,6838,331,24,3623.0,none
pYvNUcLuQQc,UExPTVVkUUZkUy1YTUo0TkZISmxTQUxZQXQ0bC1MUGdTMS41QTI4RTRDNjFGRjEzQkVC,2022-08-01 16:00:27+00:00,public,UCsN8M73DMWa8SPp5o_0IAQQ,Tomorrowland,10300000,506,24,2,5364.0,none
qHRdJhKiA5I,UExPTVVkUUZkUy1YTUo0TkZISmxTQUxZQXQ0bC1MUGdTMS5EMTU2MDBCREJEMEM1MDA4,2022-08-01 16:00:28+00:00,unlisted,UCsN8M73DMWa8SPp5o_0IAQQ,Tomorrowland,10300000,0,0,0,3587.0,none
sMu6_YpbKNA,UExPTVVkUUZkUy1YTUo0TkZISmxTQUxZQXQ0bC1MUGdTMS45NkIxMzI2NUNCREVDNDg4,2022-08-01 16:00:28+00:00,public,UCsN8M73DMWa8SPp5o_0IAQQ,Tomorrowland,10300000,11652,486,40,2439.0,none
t-YvpDRBnJk,UExPTVVkUUZkUy1YTUo0TkZISmxTQUxZQXQ0bC1MUGdTMS42QjkxQzlGNTZERTRFODZE,2022-08-01 16:00:28+00:00,public,UCsN8M73DMWa8SPp5o_0IAQQ,Tomorrowland,10300000,22003,826,71,3505.0,none
x6VWp7FrW5Q,UExPTVVkUUZkUy1YTUo0TkZISmxTQUxZQXQ0bC1MUGdTMS45Rjk4MTYwNkM1RTk5QTNG,2022-08-01 16:00:28+00:00,public,UCsN8M73DMWa8SPp5o_0IAQQ,Tomorrowland,10300000,14753,580,53,3594.0,none
RsCxfzAbcKg,UExPTVVkUUZkUy1YTUo0TkZISmxTQUxZQXQ0bC1MUGdTMS4zOUZDNjQyRjc5RDhEQzU0,2022-08-01 16:00:30+00:00,public,UCsN8M73DMWa8SPp5o_0IAQQ,Tomorrowland,10300000,10893,490,47,3500.0,none
__Qu2QjAkXE,UExPTVVkUUZkUy1YTUo0TkZISmxTQUxZQXQ0bC1MUGdTMS5CMkMxNkZEQkI0M0U4RDVD,2022-08-01 16:00:30+00:00,public,UCsN8M73DMWa8SPp5o_0IAQQ,Tomorrowland,10300000,26524,749,47,3668.0,none
YBTs1oi5gMs,UExPTVVkUUZkUy1YTUo0TkZISmxTQUxZQXQ0bC1MUGdTMS40M0I1Q0JCOEFGRUQ4OTBF,2022-08-01 16:00:32+00:00,public,UCsN8M73DMWa8SPp5o_0IAQQ,Tomorrowland,10300000,7426,286,35,3592.0,none
fAuSdpRq7dA,UExPTVVkUUZkUy1YTUo0TkZISmxTQUxZQXQ0bC1MUGdTMS43NTE0OTlBQUVGODc5RUFE,2022-08-01 16:00:32+00:00,public,UCsN8M73DMWa8SPp5o_0IAQQ,Tomorrowland,10300000,17530,711,73,7296.0,none
kKo4Y7JOpiU,UExPTVVkUUZkUy1YTUo0TkZISmxTQUxZQXQ0bC1MUGdTMS5GNEUxRjk0NTE2RDgyMDk3,2022-08-01 16:00:33+00:00,public,UCsN8M73DMWa8SPp5o_0IAQQ,Tomorrowland,10300000,48280,1538,61,3496.0,none
kMSeGaaYNBg,UExPTVVkUUZkUy1YTUo0TkZISmxTQUxZQXQ0bC1MUGdTMS42RkU0NDE4REJCRTMxQURD,2022-08-01 16:00:33+00:00,public,UCsN8M73DMWa8SPp5o_0IAQQ,Tomorrowland,10300000,9990,543,72,3473.0,none
brvFMSz92Yo,UExPTVVkUUZkUy1YTUo0TkZISmxTQUxZQXQ0bC1MUGdTMS41NEZEQTVEMjlBNUUyNTU2,2022-08-01 16:00:34+00:00,public,UCsN8M73DMWa8SPp5o_0IAQQ,Tomorrowland,10300000,59727,1813,132,7273.0,none
h6NQGwGCldM,UExPTVVkUUZkUy1YTUo0TkZISmxTQUxZQXQ0bC1MUGdTMS5FNUY3QTdGNUU3NjlGMjYz,2022-08-01 16:00:34+00:00,public,UCsN8M73DMWa8SPp5o_0IAQQ,Tomorrowland,10300000,12738,553,32,3451.0,none
mf7UgLRGHok,UExPTVVkUUZkUy1YTUo0TkZISmxTQUxZQXQ0bC1MUGdTMS5EM0QyMDFGNzQ4ODk3MjhB,2022-08-01 16:00:34+00:00,public,UCsN8M73DMWa8SPp5o_0IAQQ,Tomorrowland,10300000,11698,571,43,3631.0,none
oU9Dmzv27fQ,UExPTVVkUUZkUy1YTUo0TkZISmxTQUxZQXQ0bC1MUGdTMS4yNTRCMzdFM0VDMDRDRkIz,2022-08-01 16:00:36+00:00,public,UCsN8M73DMWa8SPp5o_0IAQQ,Tomorrowland,10300000,193,10,0,5313.0,none
s2u1hw8HDPU,UExPTVVkUUZkUy1YTUo0TkZISmxTQUxZQXQ0bC1MUGdTMS45QkJFMDA5MUJGODNGMkY2,2022-08-01 16:00:36+00:00,public,UCsN8M73DMWa8SPp5o_0IAQQ,Tomorrowland,10300000,159012,6505,386,3425.0,none
uVINeFCjgFg,UExPTVVkUUZkUy1YTUo0TkZISmxTQUxZQXQ0bC1MUGdTMS5BNzc4QTUwNTI1QjY5NjA5,2022-08-01 16:00:36+00:00,public,UCsN8M73DMWa8SPp5o_0IAQQ,Tomorrowland,10300000,24464,1083,70,3568.0,none
tzrOK-brZ7M,UExPTVVkUUZkUy1YTUo0TkZISmxTQUxZQXQ0bC1MUGdTMS44RTBFMDA1M0M3QUJGN0NF,2022-08-01 16:00:36+00:00,public,UCsN8M73DMWa8SPp5o_0IAQQ,Tomorrowland,10300000,13220,913,89,3584.0,none
rKmeiBDUWt8,UExPTVVkUUZkUy1YTUo0TkZISmxTQUxZQXQ0bC1MUGdTMS5DMDA1QTU3NjFEOEJENTND,2022-08-01 16:00:37+00:00,public,UCsN8M73DMWa8SPp5o_0IAQQ,Tomorrowland,10300000,43147,1325,60,3660.0,none
tZPm-MnjfZs,UExPTVVkUUZkUy1YTUo0TkZISmxTQUxZQXQ0bC1MUGdTMS42NzgyQkFFNEUyOTZDMkE4,2022-08-01 16:00:37+00:00,public,UCsN8M73DMWa8SPp5o_0IAQQ,Tomorrowland,10300000,39345,1727,112,3591.0,none
v7PJqCTX5ZE,UExPTVVkUUZkUy1YTUo0TkZISmxTQUxZQXQ0bC1MUGdTMS42REM4MTcyRDk5RkFGMDg5,2022-08-01 16:00:38+00:00,public,UCsN8M73DMWa8SPp5o_0IAQQ,Tomorrowland,10300000,88842,2877,153,3752.0,none
zQytJPNgZQE,UExPTVVkUUZkUy1YTUo0TkZISmxTQUxZQXQ0bC1MUGdTMS4yODM3QTMyMkFFRDdEMzNE,2022-08-01 16:00:38+00:00,public,UCsN8M73DMWa8SPp5o_0IAQQ,Tomorrowland,10300000,345554,12725,912,3517.0,none
yrU-zBOGZPw,UExPTVVkUUZkUy1YTUo0TkZISmxTQUxZQXQ0bC1MUGdTMS43QUY2NjhEOUFDMDE4Mjgx,2022-08-01 16:00:39+00:00,public,UCsN8M73DMWa8SPp5o_0IAQQ,Tomorrowland,10300000,19690,771,76,5397.0,none
yD9OGm-oQPI,UExPTVVkUUZkUy1YTUo0TkZISmxTQUxZQXQ0bC1MUGdTMS41ODMwMTY5RkJCRDBDRDUy,2022-08-01 16:00:40+00:00,public,UCsN8M73DMWa8SPp5o_0IAQQ,Tomorrowland,10300000,23144,961,91,5443.0,none
zw6FtPUHrF8,UExPTVVkUUZkUy1YTUo0TkZISmxTQUxZQXQ0bC1MUGdTMS4xMEVEM0Y0QUI2N0JEOTY5,2022-08-01 16:00:41+00:00,public,UCsN8M73DMWa8SPp5o_0IAQQ,Tomorrowland,10300000,15124,448,11,3496.0,none
tbaoLKJCzAk,UExPTVVkUUZkUy1YTUo0TkZISmxTQUxZQXQ0bC1MUGdTMS5CM0Q1QTM2Mjc0NzBGMDgw,2022-08-01 16:00:42+00:00,public,UCsN8M73DMWa8SPp5o_0IAQQ,Tomorrowland,10300000,15544,723,53,3503.0,none
xmGs6gCxeZg,UExPTVVkUUZkUy1YTUo0TkZISmxTQUxZQXQ0bC1MUGdTMS5FMEIzOTY1MURERTA1RTMx,2022-08-01 16:00:42+00:00,public,UCsN8M73DMWa8SPp5o_0IAQQ,Tomorrowland,10300000,14756,404,30,3450.0,none
zy0Dhf90Iss,UExPTVVkUUZkUy1YTUo0TkZISmxTQUxZQXQ0bC1MUGdTMS5EOTVDMUUxREU1QUE1RjE4,2022-08-01 16:00:45+00:00,public,UCsN8M73DMWa8SPp5o_0IAQQ,Tomorrowland,10300000,104769,4332,243,3629.0,none
QrSebQAbytY,UExPTVVkUUZkUy1YTUo0TkZISmxTQUxZQXQ0bC1MUGdTMS4xNUZFM0IwNjRDNjZFRkQ0,2022-08-01 16:00:12+00:00,public,UCu5jfQcpRLm9xhmlSd5S8xw,Armin van Buuren,5310000,397731,11587,670,3631.0,none
hZrRyg0JlOI,UExPTVVkUUZkUy1YTUo0TkZISmxTQUxZQXQ0bC1MUGdTMS5DQkM5MzAzQ0QzNUJBMDlB,2022-08-01 16:00:18+00:00,public,UCVGTuylKPv8SfVDSyho5WFw,Mike Williams,107000,11605,742,124,3503.0,none
Mqkl-3hMJxM,UExPTVVkUUZkUy1YTUo0TkZISmxTQUxZQXQ0bC1MUGdTMS5BMDcyOTk4NUIwNjkzRkY4,2022-08-01 16:00:22+00:00,public,UCO6Rq8SSY5ui4ptyMkLirIQ,R3HAB,1820000,33112,1507,85,3496.0,none
uH5X3lZJHiI,UExPTVVkUUZkUy1YTUo0TkZISmxTQUxZQXQ0bC1MUGdTMS5ERkFEMTk1N0JBNjU0MzA4,2022-08-01 16:09:05+00:00,public,UCPT5Q93YbgJ_7du1gV7UHQQ,Hardwell,5070000,338316,16447,1416,3629.0,none
MlemJriyLPY,UExPTVVkUUZkUy1YTUo0TkZISmxTQUxZQXQ0bC1MUGdTMS4wMUM3OUNGRDRERUUwQzdC,2022-08-01 16:46:19+00:00,public,UCsN8M73DMWa8SPp5o_0IAQQ,Tomorrowland,10300000,48713,1188,82,3635.0,none
gLhuWEmZX6E,UExPTVVkUUZkUy1YTUo0TkZISmxTQUxZQXQ0bC1MUGdTMS4zQkFFRDQ1REVCQjgwM0Ux,2022-08-01 16:54:47+00:00,public,UCsN8M73DMWa8SPp5o_0IAQQ,Tomorrowland,10300000,22532,1144,199,3571.0,none
DQs-BsnRASk,UExPTVVkUUZkUy1YTUo0TkZISmxTQUxZQXQ0bC1MUGdTMS4yMkNFMjVBNzFDQTZBM0E4,2022-08-01 16:56:23+00:00,public,UCsN8M73DMWa8SPp5o_0IAQQ,Tomorrowland,10300000,11698,294,33,7135.0,none
3V92BrjTgNo,UExPTVVkUUZkUy1YTUo0TkZISmxTQUxZQXQ0bC1MUGdTMS43MkE0RTQyNUQ5RTk1NTg0,2022-08-01 18:08:23+00:00,public,UCsN8M73DMWa8SPp5o_0IAQQ,Tomorrowland,10300000,780178,21970,1329,3524.0,none
sMDJ28VPbcg,UExPTVVkUUZkUy1YTUo0TkZISmxTQUxZQXQ0bC1MUGdTMS5GOTFCMTZBOTkxOTNEMEQ4,2022-08-01 21:14:40+00:00,public,UCsN8M73DMWa8SPp5o_0IAQQ,Tomorrowland,10300000,29510,925,51,3531.0,none
ORUj0lIouVo,UExPTVVkUUZkUy1YTUo0TkZISmxTQUxZQXQ0bC1MUGdTMS4zN0ZDMTNFQzVFRDdDMjBF,2022-08-01 17:00:26+00:00,public,UCDCCLsZ0OBG8Dt-3JMc3hkA,Big Beat Records,389000,4592,19,0,3616.0,none
arJVAbv5yBc,UExPTVVkUUZkUy1YTUo0TkZISmxTQUxZQXQ0bC1MUGdTMS45NEVEOEUyMjAyOUMzQjVG,2022-08-01 18:00:13+00:00,public,UCSJ4gkVC6NrvII8umztf0Ow,Lofi Girl,11200000,126615,4337,238,910.0,none
GdMtN5Ifm-I,UExPTVVkUUZkUy1YTUo0TkZISmxTQUxZQXQ0bC1MUGdTMS5CNTY2N0VCNUMyNjlFN0U5,2022-08-01 19:00:11+00:00,public,UC5H_KXkPbEsGs0tFt8R35mA,Martin Garrix,14400000,661819,28087,1216,3697.0,none
NzMuhvErDjc,UExPTVVkUUZkUy1YTUo0TkZISmxTQUxZQXQ0bC1MUGdTMS5CRkQ2M0EyODc5OTBEQ0Ux,2022-08-02 09:04:23+00:00,public,UCsN8M73DMWa8SPp5o_0IAQQ,Tomorrowland,10300000,13835,430,48,3610.0,none
FgCi2TLWvos,UExPTVVkUUZkUy1YTUo0TkZISmxTQUxZQXQ0bC1MUGdTMS41RjE3Q0ExQjdGMzgyQzI2,2022-08-02 10:06:28+00:00,public,UCsN8M73DMWa8SPp5o_0IAQQ,Tomorrowland,10300000,56513,2535,84,3697.0,none
xAxZuJlfaBU,UExPTVVkUUZkUy1YTUo0TkZISmxTQUxZQXQ0bC1MUGdTMS4zNTdEQTVCRjZENkIyOUYx,2022-08-02 13:48:41+00:00,public,UCsN8M73DMWa8SPp5o_0IAQQ,Tomorrowland,10300000,31025,884,78,6993.0,none
ByQFuEJuoDA,UExPTVVkUUZkUy1YTUo0TkZISmxTQUxZQXQ0bC1MUGdTMS4wQjIyQzlCRTVCNTlGOEJB,2022-08-02 14:01:28+00:00,public,UCsN8M73DMWa8SPp5o_0IAQQ,Tomorrowland,10300000,83641,2673,167,3603.0,none
z4DhwEKsURY,UExPTVVkUUZkUy1YTUo0TkZISmxTQUxZQXQ0bC1MUGdTMS41ODBCRjAwRTA0NzE1QzhG,2022-08-02 14:52:45+00:00,public,UCsN8M73DMWa8SPp5o_0IAQQ,Tomorrowland,10300000,98156,3182,189,7025.0,none
LudSGbKYM6g,UExPTVVkUUZkUy1YTUo0TkZISmxTQUxZQXQ0bC1MUGdTMS5BQzNCNjI4N0FGNzJGNUE2,2022-08-02 14:54:05+00:00,public,UCsN8M73DMWa8SPp5o_0IAQQ,Tomorrowland,10300000,20751,768,58,7411.0,none
LokGuI6R4Bg,UExPTVVkUUZkUy1YTUo0TkZISmxTQUxZQXQ0bC1MUGdTMS43RTBBRTdGQURDNjA2MzhB,2022-08-02 14:56:34+00:00,public,UCsN8M73DMWa8SPp5o_0IAQQ,Tomorrowland,10300000,202980,7113,444,3614.0,none
M_nnwjVEMW4,UExPTVVkUUZkUy1YTUo0TkZISmxTQUxZQXQ0bC1MUGdTMS5EMzZFRUVFMzVBMzM3QzVD,2022-08-02 20:11:09+00:00,public,UCsN8M73DMWa8SPp5o_0IAQQ,Tomorrowland,10300000,31095,1170,101,7272.0,none
mXvCuyYA_hE,UExPTVVkUUZkUy1YTUo0TkZISmxTQUxZQXQ0bC1MUGdTMS5GRDYxMEFCQTk0N0NBM0FE,2022-08-02 20:15:10+00:00,public,UCsN8M73DMWa8SPp5o_0IAQQ,Tomorrowland,10300000,35545,1461,112,5441.0,none
9OtQpDypvBY,UExPTVVkUUZkUy1YTUo0TkZISmxTQUxZQXQ0bC1MUGdTMS40QUQ2RjZCMUVCNUM5MzI0,2022-08-03 08:18:18+00:00,public,UCsN8M73DMWa8SPp5o_0IAQQ,Tomorrowland,10300000,127079,4795,292,5432.0,none
y0jKgJY-Pvg,UExPTVVkUUZkUy1YTUo0TkZISmxTQUxZQXQ0bC1MUGdTMS5DQzUxMUZGMjZGRkYyRTA3,2022-08-03 11:21:44+00:00,public,UCsN8M73DMWa8SPp5o_0IAQQ,Tomorrowland,10300000,45005,1512,113,7173.0,none
G2VEycJe5B4,UExPTVVkUUZkUy1YTUo0TkZISmxTQUxZQXQ0bC1MUGdTMS41MUM2OURBNTJGNzcwRTc5,2022-08-03 13:42:51+00:00,public,UCsN8M73DMWa8SPp5o_0IAQQ,Tomorrowland,10300000,35596,833,63,3599.0,none
BW4K7BLKvSY,UExPTVVkUUZkUy1YTUo0TkZISmxTQUxZQXQ0bC1MUGdTMS5BNDM3NEM2NUI3RTE5QUYy,2022-08-03 14:09:19+00:00,public,UCsN8M73DMWa8SPp5o_0IAQQ,Tomorrowland,10300000,25032,937,128,7172.0,none
RsATgB1bSLk,UExPTVVkUUZkUy1YTUo0TkZISmxTQUxZQXQ0bC1MUGdTMS44NDkwMTAxQzBCQzI4RjZG,2022-08-03 14:13:49+00:00,public,UCsN8M73DMWa8SPp5o_0IAQQ,Tomorrowland,10300000,41054,1138,87,4594.0,none
q7MbD2Hy8JI,UExPTVVkUUZkUy1YTUo0TkZISmxTQUxZQXQ0bC1MUGdTMS43MkY4RkQwRjY3MEQ5MzVB,2022-08-03 14:16:25+00:00,public,UCsN8M73DMWa8SPp5o_0IAQQ,Tomorrowland,10300000,55397,1632,145,7262.0,none
hEE7Vokwe48,UExPTVVkUUZkUy1YTUo0TkZISmxTQUxZQXQ0bC1MUGdTMS5FMDQ2MzUyQTE5NjVGRTUy,2022-08-03 10:09:11+00:00,public,UC_FSjhzXRorZRJTLkzf3INw,W&W,1050000,377449,8593,342,3609.0,none
QWzAzocH-dU,UExPTVVkUUZkUy1YTUo0TkZISmxTQUxZQXQ0bC1MUGdTMS4yNkEyQjg1MjMxRjZEMThC,2022-08-03 14:00:13+00:00,public,UC4YCVy0ggUoFd2NVU2z04WA,KAAZE,15700,1656,183,20,735.0,none
HETVg8CHQX4,UExPTVVkUUZkUy1YTUo0TkZISmxTQUxZQXQ0bC1MUGdTMS5FNTQ3RDFEREI3QzUzOUJC,2022-08-03 16:30:06+00:00,public,UCu5jfQcpRLm9xhmlSd5S8xw,Armin van Buuren,5310000,202763,6107,348,4449.0,none
O_S2gYc0qYs,UExPTVVkUUZkUy1YTUo0TkZISmxTQUxZQXQ0bC1MUGdTMS5FNEM4OThENjlGNTBCMTlG,2022-08-04 08:18:04+00:00,public,UCsN8M73DMWa8SPp5o_0IAQQ,Tomorrowland,10300000,16779,719,48,2183.0,none
J24fZ2heKCg,UExPTVVkUUZkUy1YTUo0TkZISmxTQUxZQXQ0bC1MUGdTMS5GQ0E5OTk1MzM0OEMzOENE,2022-08-04 09:12:38+00:00,public,UCsN8M73DMWa8SPp5o_0IAQQ,Tomorrowland,10300000,30364,726,39,7199.0,none
Rgirc30ohCM,UExPTVVkUUZkUy1YTUo0TkZISmxTQUxZQXQ0bC1MUGdTMS40QTRDMjY0RTNGMzVENTk5,2022-08-04 11:23:07+00:00,public,UCsN8M73DMWa8SPp5o_0IAQQ,Tomorrowland,10300000,102731,2546,199,9001.0,none
NIlGCJUQlPI,UExPTVVkUUZkUy1YTUo0TkZISmxTQUxZQXQ0bC1MUGdTMS5ENDc4RDE2ODFDREYyQUUw,2022-08-04 14:18:09+00:00,public,UCsN8M73DMWa8SPp5o_0IAQQ,Tomorrowland,10300000,19304,601,80,7311.0,none
XDrsDE90epU,UExPTVVkUUZkUy1YTUo0TkZISmxTQUxZQXQ0bC1MUGdTMS4zM0RDMjc1NUJCOTk3QTc4,2022-08-04 15:00:18+00:00,public,UCiiN5Ld9pGMwcYrLUJfYlCQ,Mixmash Records,137000,220,24,2,3668.0,none
ZjZFXkJ8s5g,UExPTVVkUUZkUy1YTUo0TkZISmxTQUxZQXQ0bC1MUGdTMS42NTAwM0MyRkY0N0E1NkQw,2022-08-04 15:34:10+00:00,public,UCpDJl2EmP7Oh90Vylx0dZtA,Spinnin' Records,29600000,19013,758,22,3302.0,none
hrPwWVz4odE,UExPTVVkUUZkUy1YTUo0TkZISmxTQUxZQXQ0bC1MUGdTMS4xRTVDQkE0OURCOTZEMEY0,2022-08-04 17:23:17+00:00,public,UCsN8M73DMWa8SPp5o_0IAQQ,Tomorrowland,10300000,101016,2446,100,3631.0,none
U9EqVaXq02I,UExPTVVkUUZkUy1YTUo0TkZISmxTQUxZQXQ0bC1MUGdTMS5BRjNGOEYwNzI0NUNDMzJE,2022-08-04 20:08:28+00:00,public,UCu5jfQcpRLm9xhmlSd5S8xw,Armin van Buuren,5310000,151478,4531,328,7262.0,none
M-_zfqN2iu8,UExPTVVkUUZkUy1YTUo0TkZISmxTQUxZQXQ0bC1MUGdTMS4wRTMyNkVDNDQxQzA2MkZC,2022-08-05 04:00:14+00:00,public,UCIDA4NNU3jL8zqfs5huy0zA,bitbird,54900,963,70,14,1899.0,none
LGdelCmAtEY,UExPTVVkUUZkUy1YTUo0TkZISmxTQUxZQXQ0bC1MUGdTMS40RTg2QTYzQzU0QkNFMDdB,2022-08-05 08:00:30+00:00,public,UCO0sfpPwj3PGVVH_jiqBA6A,Future House Cloud,233000,82495,568,16,3851.0,none
xeLb4FEYTSs,UExPTVVkUUZkUy1YTUo0TkZISmxTQUxZQXQ0bC1MUGdTMS5BMjIxMjQ4MTYyMzQwNEYw,2022-08-05 08:58:15+00:00,public,UCsN8M73DMWa8SPp5o_0IAQQ,Tomorrowland,10300000,58990,1671,65,3740.0,none
ULkGuKPp3XM,UExPTVVkUUZkUy1YTUo0TkZISmxTQUxZQXQ0bC1MUGdTMS4xMDNGNzQzRDY3MkUwODNC,2022-08-05 10:29:27+00:00,public,UCsN8M73DMWa8SPp5o_0IAQQ,Tomorrowland,10300000,26152,551,29,2938.0,none
TBj02Nn5HBo,UExPTVVkUUZkUy1YTUo0TkZISmxTQUxZQXQ0bC1MUGdTMS5DRTQ1Q0M2QjNFNkU3MDhG,2022-08-05 14:00:22+00:00,public,UCPk3RMMXAfLhMJPFpQhye9g,Tiësto,6190000,66135,2715,219,3635.0,none
Gg0AOdu8jAI,UExPTVVkUUZkUy1YTUo0TkZISmxTQUxZQXQ0bC1MUGdTMS44MjlEMzMwNUQ1OTJFNTFE,2022-08-05 15:00:11+00:00,public,UCGZXYc32ri4D0gSLPf2pZXQ,Armada Music TV,5060000,14853,717,35,5468.0,none
Evz8iIl5yrM,UExPTVVkUUZkUy1YTUo0TkZISmxTQUxZQXQ0bC1MUGdTMS4zNEExNDdDRjNCMkE3QzFF,2022-08-05 15:00:13+00:00,public,UCmKm7HJdOfkWLyml-fzKlVg,Afrojack,2530000,273399,4021,343,3566.0,none
_OPjZnQDx-w,UExPTVVkUUZkUy1YTUo0TkZISmxTQUxZQXQ0bC1MUGdTMS5DNzIxODM3Rjg5MDVDMURE,2022-08-05 15:00:20+00:00,public,UCnhHe0_bk_1_0So41vsZvWw,Revealed Music,1560000,1952,102,6,3608.0,none
D1OYDcXY79w,UExPTVVkUUZkUy1YTUo0TkZISmxTQUxZQXQ0bC1MUGdTMS5FQTRFNDMxRTY3NUZEODEz,2022-08-05 16:02:42+00:00,public,UCsN8M73DMWa8SPp5o_0IAQQ,Tomorrowland,10300000,110439,3294,161,3566.0,none
ZOPNm17jAYg,UExPTVVkUUZkUy1YTUo0TkZISmxTQUxZQXQ0bC1MUGdTMS45NjlCRTc1MjgwOEVFNUJC,2022-08-05 16:06:51+00:00,public,UCsN8M73DMWa8SPp5o_0IAQQ,Tomorrowland,10300000,49593,1369,66,5252.0,none
GFz-pjXZAKQ,UExPTVVkUUZkUy1YTUo0TkZISmxTQUxZQXQ0bC1MUGdTMS42RDY4MUYzQUUzNjI0QkQw,2022-08-05 20:00:10+00:00,public,UCmKm7HJdOfkWLyml-fzKlVg,Afrojack,2530000,5406,262,17,3798.0,none
20JEdl0BFBs,UExPTVVkUUZkUy1YTUo0TkZISmxTQUxZQXQ0bC1MUGdTMS5FQzgxQkIyOEMzRUYwN0VC,2022-08-06 06:14:55+00:00,public,UCGXkgynD9YyoEIVyqpaUElw,Enhanced Music,89800,1793,80,4,7205.0,none
fnGwVHAV8GI,UExPTVVkUUZkUy1YTUo0TkZISmxTQUxZQXQ0bC1MUGdTMS5GQUJBODVFNjg5ODc2NTBE,2022-08-06 11:00:23+00:00,public,UCVGTuylKPv8SfVDSyho5WFw,Mike Williams,107000,1154,82,11,3691.0,none
pcPEU7BZiMY,UExPTVVkUUZkUy1YTUo0TkZISmxTQUxZQXQ0bC1MUGdTMS5DNDk4NjQwREY1NjBEMDI2,2022-08-06 12:00:23+00:00,public,UCu5jfQcpRLm9xhmlSd5S8xw,Armin van Buuren,5320000,297016,7021,338,3752.0,none
RSv8eKyd0MQ,UExPTVVkUUZkUy1YTUo0TkZISmxTQUxZQXQ0bC1MUGdTMS5CNTYzQUI0RjNCMjEyOUMz,2022-08-06 12:15:10+00:00,public,UCB-7IEpKGIdXkgGUObE5D5A,STMPD RCRDS,511000,21155,1626,168,3521.0,none
nO_wMkQzpT0,UExPTVVkUUZkUy1YTUo0TkZISmxTQUxZQXQ0bC1MUGdTMS4wRUM3OTg0RjRFRTU5MEVG,2022-08-06 14:00:33+00:00,public,UCuCFbUOszL3QkYVUWZzKH8Q,Musical Freedom,710000,2170,121,6,3613.0,none
q6kDeUucOt8,UExPTVVkUUZkUy1YTUo0TkZISmxTQUxZQXQ0bC1MUGdTMS5DNzQyQkFCQTM3QkU5NDQ4,2022-08-06 16:00:10+00:00,public,UC-EVnno6x6-aAG6g1ZVoN3A,Oliver Heldens,833000,19735,546,49,6266.0,none
Ks0cK7j04hs,UExPTVVkUUZkUy1YTUo0TkZISmxTQUxZQXQ0bC1MUGdTMS45OTQwNjgyRjY2NTAyMEI2,2022-08-06 18:52:28+00:00,public,UCdbFjONDWTsdy8pgCsgvlxg,DubVision,76900,2982,219,21,3612.0,none
ytHhHqUsNsc,UExPTVVkUUZkUy1YTUo0TkZISmxTQUxZQXQ0bC1MUGdTMS5ERjU4MTlFMUIyNjY4NkI1,2022-08-08 11:00:37+00:00,public,UCGZXYc32ri4D0gSLPf2pZXQ,Armada Music TV,5060000,4345,207,28,3600.0,none
DDJ2NBaSMKA,UExPTVVkUUZkUy1YTUo0TkZISmxTQUxZQXQ0bC1MUGdTMS43QzNGQjdERDM1Rjg4MERB,2022-08-08 14:58:15+00:00,public,UCsN8M73DMWa8SPp5o_0IAQQ,Tomorrowland,10300000,41300,1179,62,5340.0,none
yluofEYupuM,UExPTVVkUUZkUy1YTUo0TkZISmxTQUxZQXQ0bC1MUGdTMS4wMjI4MjYxNTBCRDNFOTY5,2022-08-08 17:00:39+00:00,public,UCDCCLsZ0OBG8Dt-3JMc3hkA,Big Beat Records,389000,3953,82,8,3616.0,none
OE5FPbr8F6c,UExPTVVkUUZkUy1YTUo0TkZISmxTQUxZQXQ0bC1MUGdTMS5COUNEMDdBQUQxMUIyQzdC,2022-08-08 18:03:48+00:00,public,UCSJ4gkVC6NrvII8umztf0Ow,Lofi Girl,11300000,100863,4086,227,1038.0,none
fUZLWV8h3SA,UExPTVVkUUZkUy1YTUo0TkZISmxTQUxZQXQ0bC1MUGdTMS45MjU5ODRCNURCRjRCMDA4,2022-08-10 06:03:43+00:00,public,UCGZXYc32ri4D0gSLPf2pZXQ,Armada Music TV,5060000,3307,224,24,5175.0,none
_IJ6gEHHnHY,UExPTVVkUUZkUy1YTUo0TkZISmxTQUxZQXQ0bC1MUGdTMS4yMzFDNkE5M0I5MjI3NUE0,2022-08-10 10:44:20+00:00,public,UCsN8M73DMWa8SPp5o_0IAQQ,Tomorrowland,10300000,156827,4133,314,5477.0,none
nVbB5nmey3U,UExPTVVkUUZkUy1YTUo0TkZISmxTQUxZQXQ0bC1MUGdTMS5EN0E0MjMyMEY5RjIxNDc4,2022-08-10 11:24:55+00:00,public,UCsN8M73DMWa8SPp5o_0IAQQ,Tomorrowland,10300000,70793,2038,173,7369.0,none
cRNR6CP9uiA,UExPTVVkUUZkUy1YTUo0TkZISmxTQUxZQXQ0bC1MUGdTMS5EOUY5Mzk1MTdBNkFERUU3,2022-08-10 12:00:09+00:00,public,UCsN8M73DMWa8SPp5o_0IAQQ,Tomorrowland,10300000,95306,3035,226,3781.0,none
hpV1sY0hSIc,UExPTVVkUUZkUy1YTUo0TkZISmxTQUxZQXQ0bC1MUGdTMS5FNzIzMTUyNUY5MUQyM0U1,2022-08-10 14:00:19+00:00,public,UCXvSeBDvzmPO05k-0RyB34w,Future House Music,1150000,5996,265,28,3855.0,none
EdmV00_0cgg,UExPTVVkUUZkUy1YTUo0TkZISmxTQUxZQXQ0bC1MUGdTMS41NzM2MjIwMkNBRDAxNEIy,2022-08-10 19:00:14+00:00,public,UCXGB0P-AhyZ4qYHWooiQzLA,Rushdown,7140,2093,196,42,808.0,none
DonY3saf6F8,UExPTVVkUUZkUy1YTUo0TkZISmxTQUxZQXQ0bC1MUGdTMS4wOUFBRkQ2NUFFM0NBNkZG,2022-08-11 08:06:42+00:00,public,UCsN8M73DMWa8SPp5o_0IAQQ,Tomorrowland,10300000,24802,592,37,3450.0,none
VMlf8MF7gAk,UExPTVVkUUZkUy1YTUo0TkZISmxTQUxZQXQ0bC1MUGdTMS5BODgyQjdGNUQ5NUEyQTU3,2022-08-11 08:36:00+00:00,public,UCsN8M73DMWa8SPp5o_0IAQQ,Tomorrowland,10300000,16942,451,38,5458.0,none
90ExlZnu_Xg,UExPTVVkUUZkUy1YTUo0TkZISmxTQUxZQXQ0bC1MUGdTMS5CNTZGMjVCRkQxNjhERDA1,2022-08-11 09:02:33+00:00,public,UCsN8M73DMWa8SPp5o_0IAQQ,Tomorrowland,10300000,9335,182,11,3598.0,none
GL4j5kG9lIQ,UExPTVVkUUZkUy1YTUo0TkZISmxTQUxZQXQ0bC1MUGdTMS4zREU1Njg4NDUwMjQ0NDMz,2022-08-11 15:15:00+00:00,public,UC5H_KXkPbEsGs0tFt8R35mA,Martin Garrix,14400000,24156,1300,89,3601.0,none
_g2cN9BEgww,UExPTVVkUUZkUy1YTUo0TkZISmxTQUxZQXQ0bC1MUGdTMS40MUFEN0ExOUQyOUIxNEI5,2022-08-11 15:53:52+00:00,public,UCpDJl2EmP7Oh90Vylx0dZtA,Spinnin' Records,29600000,19824,819,30,3594.0,none
BdMJT25oa90,UExPTVVkUUZkUy1YTUo0TkZISmxTQUxZQXQ0bC1MUGdTMS5GQzUxOEEyOURGRjJCNzhE,2022-08-11 16:24:24+00:00,public,UCsN8M73DMWa8SPp5o_0IAQQ,Tomorrowland,10300000,41022,1227,88,3639.0,none
B4Zuh-W1_ac,UExPTVVkUUZkUy1YTUo0TkZISmxTQUxZQXQ0bC1MUGdTMS4zNTQ5Q0Y3M0FBQTgxMTBB,2022-08-11 16:30:58+00:00,public,UCsN8M73DMWa8SPp5o_0IAQQ,Tomorrowland,10300000,166193,3918,259,3518.0,none
n4gBmrGJxPk,UExPTVVkUUZkUy1YTUo0TkZISmxTQUxZQXQ0bC1MUGdTMS42N0Q3M0QwMUVCM0U0RDkw,2022-08-11 17:23:47+00:00,public,UC3ifTl5zKiCAhHIBQYcaTeg,Proximity,8950000,26999,1108,106,3110.0,none
l4uA_NTEshk,UExPTVVkUUZkUy1YTUo0TkZISmxTQUxZQXQ0bC1MUGdTMS44OUQ4NTE2RTdCM0REQkFG,2022-08-12 02:42:34+00:00,public,UCu5jfQcpRLm9xhmlSd5S8xw,Armin van Buuren,5320000,167593,5453,277,6850.0,none
1-HUPDRoFgM,UExPTVVkUUZkUy1YTUo0TkZISmxTQUxZQXQ0bC1MUGdTMS42QzEzMzAwMzQ0MDhFMzU3,2022-08-12 08:00:00+00:00,public,UCO0sfpPwj3PGVVH_jiqBA6A,Future House Cloud,234000,8871,179,10,5563.0,none
lklTPY4Zj7Q,UExPTVVkUUZkUy1YTUo0TkZISmxTQUxZQXQ0bC1MUGdTMS5GOTZBMEQwMDJGNDAyMkY1,2022-08-12 14:00:20+00:00,public,UCPk3RMMXAfLhMJPFpQhye9g,Tiësto,6190000,64503,2112,127,3655.0,none
92ZH-o5WoEM,UExPTVVkUUZkUy1YTUo0TkZISmxTQUxZQXQ0bC1MUGdTMS5FRDQyQTg2Q0I3NjQwNjA4,2022-08-12 15:00:06+00:00,public,UCnhHe0_bk_1_0So41vsZvWw,Revealed Music,1560000,1706,114,8,3592.0,none
2-TiCSIdrZ0,UExPTVVkUUZkUy1YTUo0TkZISmxTQUxZQXQ0bC1MUGdTMS40QTU5RDhBQzExQkJGQjA3,2022-08-12 16:00:09+00:00,public,UCDVKYPXwdYUQfgA05CkyFSg,GameChops,513000,6369,517,20,1559.0,none
N_37lPlCjvg,UExPTVVkUUZkUy1YTUo0TkZISmxTQUxZQXQ0bC1MUGdTMS4yQTY4RkUxQUY2RUEzOEQ5,2022-08-12 20:00:11+00:00,public,UCmKm7HJdOfkWLyml-fzKlVg,Afrojack,2540000,7007,289,15,3606.0,none
SVqRPHrQLJI,UExPTVVkUUZkUy1YTUo0TkZISmxTQUxZQXQ0bC1MUGdTMS5DQzk0NUI1MDg2MUQ1MURC,2022-08-13 06:05:40+00:00,public,UCGXkgynD9YyoEIVyqpaUElw,Enhanced Music,89900,1507,78,7,7205.0,none
ddb4Nqh36AY,UExPTVVkUUZkUy1YTUo0TkZISmxTQUxZQXQ0bC1MUGdTMS42ODA4Qjg3RUJDQzhBMTA0,2022-08-13 11:00:19+00:00,public,UCVGTuylKPv8SfVDSyho5WFw,Mike Williams,107000,100,18,0,3700.0,none
xEuo3ZY1tNE,UExPTVVkUUZkUy1YTUo0TkZISmxTQUxZQXQ0bC1MUGdTMS5BMzJBNTREM0I1Njg1NEE2,2022-08-13 11:00:36+00:00,public,UCalCDSmZAYD73tqVZ4l8yJg,A State Of Trance,774000,4648,257,15,1655.0,none
8srRnR9ZMFw,UExPTVVkUUZkUy1YTUo0TkZISmxTQUxZQXQ0bC1MUGdTMS42OUU4OTNBNTQzOTA1OUEx,2022-08-13 14:00:07+00:00,public,UCuCFbUOszL3QkYVUWZzKH8Q,Musical Freedom,711000,2849,142,4,3608.0,none
0CxqNygYIiI,UExPTVVkUUZkUy1YTUo0TkZISmxTQUxZQXQ0bC1MUGdTMS43QTNBRkFFNUEwOUYyOUU0,2022-08-13 15:00:11+00:00,public,UCGZXYc32ri4D0gSLPf2pZXQ,Armada Music TV,5060000,7140,319,26,3637.0,none
hp26OUw-SpI,UExPTVVkUUZkUy1YTUo0TkZISmxTQUxZQXQ0bC1MUGdTMS40RTgwRTAzODlGMjdBREIy,2022-08-13 15:00:35+00:00,public,UC5H_KXkPbEsGs0tFt8R35mA,Martin Garrix,14400000,31824,1377,91,3601.0,none
nyuSiilvz1k,UExPTVVkUUZkUy1YTUo0TkZISmxTQUxZQXQ0bC1MUGdTMS5DQzQ0MEE1MDNENzc5MTU4,2022-08-13 16:00:10+00:00,public,UC-EVnno6x6-aAG6g1ZVoN3A,Oliver Heldens,833000,770,66,4,5555.0,none
EY4XYcA7O4o,UExPTVVkUUZkUy1YTUo0TkZISmxTQUxZQXQ0bC1MUGdTMS4zMDFCRDYxQUY1QjRDMjIw,2022-08-13 19:00:11+00:00,public,UCIDA4NNU3jL8zqfs5huy0zA,bitbird,54900,1999,80,11,2928.0,none
aqZ4VCthIhk,UExPTVVkUUZkUy1YTUo0TkZISmxTQUxZQXQ0bC1MUGdTMS4xOEU5RDM3NEU4MzA4QzNE,2022-08-15 11:00:04+00:00,public,UCGZXYc32ri4D0gSLPf2pZXQ,Armada Music TV,5060000,12068,239,36,3605.0,none
cS-Kes32XCY,UExPTVVkUUZkUy1YTUo0TkZISmxTQUxZQXQ0bC1MUGdTMS4xMEQxNjdEQzZCRkVDNzVC,2022-08-15 17:00:19+00:00,public,UCDCCLsZ0OBG8Dt-3JMc3hkA,Big Beat Records,390000,4541,22,2,3613.0,none
NqWUGUNwXuU,UExPTVVkUUZkUy1YTUo0TkZISmxTQUxZQXQ0bC1MUGdTMS5BOTNBOTE4QzFCOTIzMTNF,2022-08-15 17:59:48+00:00,public,UCSJ4gkVC6NrvII8umztf0Ow,Lofi Girl,11300000,133220,4843,216,1247.0,none
vc53GZCisbE,UExPTVVkUUZkUy1YTUo0TkZISmxTQUxZQXQ0bC1MUGdTMS45MTQwRDc1RkZGQ0NDRUIw,2022-08-16 10:48:00+00:00,public,UCsN8M73DMWa8SPp5o_0IAQQ,Tomorrowland,10300000,12157,496,45,5317.0,none
DN-FiG3K1ss,UExPTVVkUUZkUy1YTUo0TkZISmxTQUxZQXQ0bC1MUGdTMS5ENUUzNDQ4RjRBOEVFQkRD,2022-08-16 10:50:26+00:00,public,UCsN8M73DMWa8SPp5o_0IAQQ,Tomorrowland,10300000,55169,2036,140,7216.0,none
dhUrv9l-E1o,UExPTVVkUUZkUy1YTUo0TkZISmxTQUxZQXQ0bC1MUGdTMS45N0FCMzAxRUE0NDgwODA3,2022-08-16 13:13:55+00:00,public,UCsN8M73DMWa8SPp5o_0IAQQ,Tomorrowland,10300000,216364,5254,264,6926.0,none
Xdyiln9Q79c,UExPTVVkUUZkUy1YTUo0TkZISmxTQUxZQXQ0bC1MUGdTMS43NzgxOEIxNDdCQzc5NkY0,2022-08-16 17:40:58+00:00,public,UCFMjkrMT7Gvg84v0av-DIwA,KSHMR,1690000,57368,5755,457,3078.0,none
Ep4zUG4wFKc,UExPTVVkUUZkUy1YTUo0TkZISmxTQUxZQXQ0bC1MUGdTMS5FMEI1QjUyOTRBRUVBRkMy,2022-08-17 11:35:37+00:00,public,UCsN8M73DMWa8SPp5o_0IAQQ,Tomorrowland,10300000,54855,1815,110,7187.0,none
n_RPGRgXsFI,UExPTVVkUUZkUy1YTUo0TkZISmxTQUxZQXQ0bC1MUGdTMS4xQzVDQUY4NEIwNTUwNTVC,2022-08-17 11:40:36+00:00,public,UCsN8M73DMWa8SPp5o_0IAQQ,Tomorrowland,10300000,19866,778,109,3580.0,none
If4LLEwjgbs,UExPTVVkUUZkUy1YTUo0TkZISmxTQUxZQXQ0bC1MUGdTMS44RjBGOTlBNzlBM0M3M0Uy,2022-08-17 11:57:11+00:00,public,UCsN8M73DMWa8SPp5o_0IAQQ,Tomorrowland,10300000,45501,1091,139,10946.0,none
qrbSsQCAGCA,UExPTVVkUUZkUy1YTUo0TkZISmxTQUxZQXQ0bC1MUGdTMS4xQUE1ODRFODA3RDAwOTVB,2022-08-18 09:21:35+00:00,public,UCsN8M73DMWa8SPp5o_0IAQQ,Tomorrowland,10300000,63674,1732,145,3580.0,none
rEHyBvf6cUg,UExPTVVkUUZkUy1YTUo0TkZISmxTQUxZQXQ0bC1MUGdTMS5FQUQ3Rjg3QkUzNzA4NERC,2022-08-18 15:00:40+00:00,public,UCiiN5Ld9pGMwcYrLUJfYlCQ,Mixmash Records,137000,263,21,1,3593.0,none
Phew0c7jO6o,UExPTVVkUUZkUy1YTUo0TkZISmxTQUxZQXQ0bC1MUGdTMS4xRTYwMDMzMTFGMkE3RkMy,2022-08-18 15:35:34+00:00,public,UCpDJl2EmP7Oh90Vylx0dZtA,Spinnin' Records,29700000,18429,687,20,3569.0,none
RUX3LlL5Cug,UExPTVVkUUZkUy1YTUo0TkZISmxTQUxZQXQ0bC1MUGdTMS42NDVDQkFFNDlDMUU0NkRB,2022-08-19 08:20:26+00:00,public,UCO0sfpPwj3PGVVH_jiqBA6A,Future House Cloud,236000,73286,362,20,7043.0,none
P5c76ESI9Z0,UExPTVVkUUZkUy1YTUo0TkZISmxTQUxZQXQ0bC1MUGdTMS5DMTA1MDUzMEE2MTY1MTI4,2022-08-19 14:00:12+00:00,public,UCPk3RMMXAfLhMJPFpQhye9g,Tiësto,6200000,80388,2537,146,3529.0,none
AHHEdgYmmgI,UExPTVVkUUZkUy1YTUo0TkZISmxTQUxZQXQ0bC1MUGdTMS4yODU5NTM0NkE5Qjk0OTE1,2022-08-19 15:00:12+00:00,public,UCnhHe0_bk_1_0So41vsZvWw,Revealed Music,1560000,1799,96,7,3596.0,none
Oy8sDMT8kn0,UExPTVVkUUZkUy1YTUo0TkZISmxTQUxZQXQ0bC1MUGdTMS5CNjczRjQwMDUzMEQ3NThE,2022-08-19 15:00:30+00:00,public,UCOxqgCwgOqC2lMqC5PYz_Dg,Chillhop Music,3270000,38003,1293,61,804.0,none
BTsB21Xps0Y,UExPTVVkUUZkUy1YTUo0TkZISmxTQUxZQXQ0bC1MUGdTMS4yMjU4MUNCQ0NCREI4REM0,2022-08-19 16:00:09+00:00,public,UCNgchdiFrWvmjXKOKX5Vfsg,Exyl,213000,103025,11830,2302,1878.0,none
lJTrxuzLEGQ,UExPTVVkUUZkUy1YTUo0TkZISmxTQUxZQXQ0bC1MUGdTMS5BQkFDMDJGRUUxREYzMjJD,2022-08-19 16:00:36+00:00,public,UCGXkgynD9YyoEIVyqpaUElw,Enhanced Music,90000,542,38,6,3597.0,none
GlzgfVaMSQ4,UExPTVVkUUZkUy1YTUo0TkZISmxTQUxZQXQ0bC1MUGdTMS43RUUzMEUwQjE4NjE4REZG,2022-08-19 20:00:10+00:00,public,UCmKm7HJdOfkWLyml-fzKlVg,Afrojack,2540000,7494,305,16,3575.0,none
_tiIkiKpxyw,UExPTVVkUUZkUy1YTUo0TkZISmxTQUxZQXQ0bC1MUGdTMS4xRjUwNzRBNjk3MkZBQ0E4,2022-08-20 06:05:54+00:00,public,UCGXkgynD9YyoEIVyqpaUElw,Enhanced Music,90000,1946,80,1,7205.0,none
3ivC5IcGnYE,UExPTVVkUUZkUy1YTUo0TkZISmxTQUxZQXQ0bC1MUGdTMS5COEY2NjMyOThBNTZCM0ZB,2022-08-20 11:00:04+00:00,public,UCalCDSmZAYD73tqVZ4l8yJg,A State Of Trance,775000,10956,554,43,3177.0,none
hJOlZdyrxq8,UExPTVVkUUZkUy1YTUo0TkZISmxTQUxZQXQ0bC1MUGdTMS4wQkQ2NkI3N0ZCMTgxMkUz,2022-08-20 11:00:27+00:00,public,UCVGTuylKPv8SfVDSyho5WFw,Mike Williams,108000,1796,109,18,3635.0,none
Rpr26SYUG4E,UExPTVVkUUZkUy1YTUo0TkZISmxTQUxZQXQ0bC1MUGdTMS41MjQxRDc5RTVGQjEzRUFB,2022-08-20 14:00:19+00:00,public,UCuCFbUOszL3QkYVUWZzKH8Q,Musical Freedom,711000,3052,126,7,3593.0,none
H3SqS_W79ok,UExPTVVkUUZkUy1YTUo0TkZISmxTQUxZQXQ0bC1MUGdTMS40ODQ3MThDNkMyNjUzQUU4,2022-08-20 16:00:10+00:00,public,UC-EVnno6x6-aAG6g1ZVoN3A,Oliver Heldens,834000,9558,247,10,5466.0,none
iE_xyWzA-Go,UExPTVVkUUZkUy1YTUo0TkZISmxTQUxZQXQ0bC1MUGdTMS5FQTVEQjA2M0RBRkE2NUFD,2022-08-21 11:00:19+00:00,public,UCalCDSmZAYD73tqVZ4l8yJg,A State Of Trance,775000,12201,538,44,3524.0,none
85PHUEeqzp8,UExPTVVkUUZkUy1YTUo0TkZISmxTQUxZQXQ0bC1MUGdTMS40MzZFQTE5QjVGQTI2NEFC,2022-08-22 11:00:03+00:00,public,UCGZXYc32ri4D0gSLPf2pZXQ,Armada Music TV,5070000,21593,309,40,3605.0,none
4DwxVMU7S0w,UExPTVVkUUZkUy1YTUo0TkZISmxTQUxZQXQ0bC1MUGdTMS42ODBDNDIzREE4Q0IwNTRD,2022-08-22 18:00:03+00:00,public,UCSJ4gkVC6NrvII8umztf0Ow,Lofi Girl,11300000,138599,5207,246,1805.0,none
gPHg7-PmcGM,UExPTVVkUUZkUy1YTUo0TkZISmxTQUxZQXQ0bC1MUGdTMS5CNTRBNzM2MjQzOTg5Njc5,2022-08-22 20:29:16+00:00,public,UCDCCLsZ0OBG8Dt-3JMc3hkA,Big Beat Records,390000,4173,23,1,3731.0,none
EZlfmXTyrXA,UExPTVVkUUZkUy1YTUo0TkZISmxTQUxZQXQ0bC1MUGdTMS5EQUIyNDM1MzU2NTU0MjlE,2022-08-22 20:30:11+00:00,public,UC-EVnno6x6-aAG6g1ZVoN3A,Oliver Heldens,834000,67215,3185,239,7089.0,none
eLVfV_2JVXM,UExPTVVkUUZkUy1YTUo0TkZISmxTQUxZQXQ0bC1MUGdTMS4zMzI0NUM1RDE2NUEzMjVF,2022-08-24 09:40:56+00:00,public,UCsN8M73DMWa8SPp5o_0IAQQ,Tomorrowland,10300000,484,33,1,3566.0,none
y_-6jkYAsmU,UExPTVVkUUZkUy1YTUo0TkZISmxTQUxZQXQ0bC1MUGdTMS4xRjVCN0Q4MEM3OUZFRjk1,2022-08-24 09:45:44+00:00,public,UCsN8M73DMWa8SPp5o_0IAQQ,Tomorrowland,10300000,40022,994,40,3592.0,none
CZMu5BFK0kE,UExPTVVkUUZkUy1YTUo0TkZISmxTQUxZQXQ0bC1MUGdTMS40MEYyNDcyNUI2ODA2NEE4,2022-08-24 14:17:42+00:00,public,UCsN8M73DMWa8SPp5o_0IAQQ,Tomorrowland,10300000,11538,397,33,3539.0,none
pmllHazMDzg,UExPTVVkUUZkUy1YTUo0TkZISmxTQUxZQXQ0bC1MUGdTMS40QjFBQUREMTBDMENEQzE0,2022-08-24 14:21:09+00:00,public,UCsN8M73DMWa8SPp5o_0IAQQ,Tomorrowland,10300000,35459,1101,64,3584.0,none
_iG1nJc3p60,UExPTVVkUUZkUy1YTUo0TkZISmxTQUxZQXQ0bC1MUGdTMS42RDJDRURCRDcxMzgxRDM0,2022-08-24 14:22:13+00:00,public,UCsN8M73DMWa8SPp5o_0IAQQ,Tomorrowland,10300000,6545,341,19,3651.0,none
fPmEcwK1P_I,UExPTVVkUUZkUy1YTUo0TkZISmxTQUxZQXQ0bC1MUGdTMS5BMzUxRTdEMzY2NEIxQkI1,2022-08-24 14:23:35+00:00,public,UCsN8M73DMWa8SPp5o_0IAQQ,Tomorrowland,10300000,11430,321,36,3594.0,none
FlSfEDKXUJU,UExPTVVkUUZkUy1YTUo0TkZISmxTQUxZQXQ0bC1MUGdTMS5ENjBBMUU1QjQ5QUZEMTE3,2022-08-24 14:29:15+00:00,public,UCsN8M73DMWa8SPp5o_0IAQQ,Tomorrowland,10300000,14139,542,71,3549.0,none
Me-dj3XSF1I,UExPTVVkUUZkUy1YTUo0TkZISmxTQUxZQXQ0bC1MUGdTMS5DMjY3REI0MDE3RUQwRkZC,2022-08-24 19:15:19+00:00,public,UCpYkkFDnvHka9CBuwxPpqXw,UKF On Air,183000,21956,893,92,4371.0,none
lvNd9AkVg5U,UExPTVVkUUZkUy1YTUo0TkZISmxTQUxZQXQ0bC1MUGdTMS4xQUM0MzI0QzhGOEZFMzg3,2022-08-25 12:51:17+00:00,public,UCu5jfQcpRLm9xhmlSd5S8xw,Armin van Buuren,5340000,71403,3310,285,9273.0,none
OWOr3vqaSF8,UExPTVVkUUZkUy1YTUo0TkZISmxTQUxZQXQ0bC1MUGdTMS44RjY1MzU1QjY2QzNFQjE3,2022-08-25 14:57:23+00:00,public,UCtwSCDjbQKShJU0kIzBgTdA,SOUNTEC,1820000,2639,267,32,5400.0,none
lJwlhARcdPc,UExPTVVkUUZkUy1YTUo0TkZISmxTQUxZQXQ0bC1MUGdTMS42NkI0QjlBMzA4MzJBNkIy,2022-08-25 15:00:26+00:00,public,UCiiN5Ld9pGMwcYrLUJfYlCQ,Mixmash Records,137000,357,24,2,3644.0,none
dqQoFhthxP8,UExPTVVkUUZkUy1YTUo0TkZISmxTQUxZQXQ0bC1MUGdTMS4xMkY0MDcyODk4MENFQUMw,2022-08-25 15:00:35+00:00,public,UCOxqgCwgOqC2lMqC5PYz_Dg,Chillhop Music,3270000,105079,1507,89,1380.0,none
dqu6-GIDPMs,UExPTVVkUUZkUy1YTUo0TkZISmxTQUxZQXQ0bC1MUGdTMS5FMjkzOEFFQjc1ODA5MkNE,2022-08-25 15:05:39+00:00,public,UCsN8M73DMWa8SPp5o_0IAQQ,Tomorrowland,10300000,46623,1647,153,3633.0,none
wPuCHqfgQKo,UExPTVVkUUZkUy1YTUo0TkZISmxTQUxZQXQ0bC1MUGdTMS4wRkUyRkE4QkRGN0RFNDM5,2022-08-25 15:08:09+00:00,public,UCB-7IEpKGIdXkgGUObE5D5A,STMPD RCRDS,512000,3394,295,34,3580.0,none
AyqM73dFnaY,UExPTVVkUUZkUy1YTUo0TkZISmxTQUxZQXQ0bC1MUGdTMS5DODgyNEY0MzE2QzEwMUFE,2022-08-25 15:30:26+00:00,public,UCpDJl2EmP7Oh90Vylx0dZtA,Spinnin' Records,29700000,22779,790,26,3363.0,none
eAUUUPrvob0,UExPTVVkUUZkUy1YTUo0TkZISmxTQUxZQXQ0bC1MUGdTMS5EQ0IwOUEyNUI5QUY1NzRB,2022-08-25 18:00:12+00:00,public,UC5nc_ZtjKW1htCVZVRxlQAQ,MrSuicideSheep,12800000,32738,1417,62,3688.0,none
VyRGMvSF8WE,UExPTVVkUUZkUy1YTUo0TkZISmxTQUxZQXQ0bC1MUGdTMS4yMUZGOEVGNUQ0RUI4Mzg4,2022-08-25 20:03:31+00:00,public,UCu5jfQcpRLm9xhmlSd5S8xw,Armin van Buuren,5340000,150355,4476,233,6900.0,none
ksUKANDDFfQ,UExPTVVkUUZkUy1YTUo0TkZISmxTQUxZQXQ0bC1MUGdTMS5GMUE4OTVGNTc0NjE0Nzg5,2022-08-26 07:59:47+00:00,public,UCO0sfpPwj3PGVVH_jiqBA6A,Future House Cloud,237000,6108,101,10,8441.0,none
Mnp2bJW6Fro,UExPTVVkUUZkUy1YTUo0TkZISmxTQUxZQXQ0bC1MUGdTMS5BMTVCOURDRUFENEI0MzQx,2022-08-26 14:00:09+00:00,public,UCPk3RMMXAfLhMJPFpQhye9g,Tiësto,6210000,59688,1876,105,3581.0,none
50me7ako3LI,UExPTVVkUUZkUy1YTUo0TkZISmxTQUxZQXQ0bC1MUGdTMS40QzdCNEUxMUUzQTJERDM5,2022-08-26 15:00:11+00:00,public,UCGXkgynD9YyoEIVyqpaUElw,Enhanced Music,90100,831,70,8,3614.0,none
Nkl-cmuujok,UExPTVVkUUZkUy1YTUo0TkZISmxTQUxZQXQ0bC1MUGdTMS4zNkZDQjQyNkY0RkQxQjcy,2022-08-26 15:00:13+00:00,public,UCnhHe0_bk_1_0So41vsZvWw,Revealed Music,1560000,1881,111,9,3601.0,none
jbl489uU1A8,UExPTVVkUUZkUy1YTUo0TkZISmxTQUxZQXQ0bC1MUGdTMS5FQzE0MTg0RTlDOEE5QjdC,2022-08-26 16:15:02+00:00,public,UCB-7IEpKGIdXkgGUObE5D5A,STMPD RCRDS,512000,8821,643,40,3549.0,none
fVGIP7teats,UExPTVVkUUZkUy1YTUo0TkZISmxTQUxZQXQ0bC1MUGdTMS5BNDdEMjMwREJGNUFEOEM0,2022-08-26 16:38:51+00:00,public,UCsN8M73DMWa8SPp5o_0IAQQ,Tomorrowland,10400000,37018,1717,122,3596.0,none
GFTgMpSs568,UExPTVVkUUZkUy1YTUo0TkZISmxTQUxZQXQ0bC1MUGdTMS40REI0Q0ZBNkM2MTYyNEJG,2022-08-26 17:00:16+00:00,public,UCbr_gpafjcwT_MjV6K3Nh5g,Lowly.,618000,7470,420,38,2031.0,none
PCpnttX0lLc,UExPTVVkUUZkUy1YTUo0TkZISmxTQUxZQXQ0bC1MUGdTMS5CQTY5MkEwMDI4MzFERjQy,2022-08-26 20:00:08+00:00,public,UCmKm7HJdOfkWLyml-fzKlVg,Afrojack,2540000,8428,314,14,3581.0,none
oRWDB0vi_Ao,UExPTVVkUUZkUy1YTUo0TkZISmxTQUxZQXQ0bC1MUGdTMS5GRUNDMTIwRUE5RkZFRkVD,2022-08-27 06:06:07+00:00,public,UCGXkgynD9YyoEIVyqpaUElw,Enhanced Music,90100,1599,62,1,7205.0,none
DP_c_kabeRI,UExPTVVkUUZkUy1YTUo0TkZISmxTQUxZQXQ0bC1MUGdTMS4yRTY2QjcxN0E5NkYwMTMz,2022-08-27 11:00:06+00:00,public,UCalCDSmZAYD73tqVZ4l8yJg,A State Of Trance,775000,11535,493,41,3360.0,none
lyZs5PNysAs,UExPTVVkUUZkUy1YTUo0TkZISmxTQUxZQXQ0bC1MUGdTMS4wRTBBRDI2MzVEOThEQjQ3,2022-08-27 11:00:23+00:00,public,UCVGTuylKPv8SfVDSyho5WFw,Mike Williams,108000,1354,89,6,3766.0,none
QWMuclaM6zs,UExPTVVkUUZkUy1YTUo0TkZISmxTQUxZQXQ0bC1MUGdTMS42N0JCQUJENEYyNENFODkz,2022-08-27 14:00:20+00:00,public,UCuCFbUOszL3QkYVUWZzKH8Q,Musical Freedom,712000,3094,168,7,3597.0,none
kg051fL4BmI,UExPTVVkUUZkUy1YTUo0TkZISmxTQUxZQXQ0bC1MUGdTMS5GOTcyNjdGQThFQTNBMkU2,2022-08-27 16:00:10+00:00,public,UC-EVnno6x6-aAG6g1ZVoN3A,Oliver Heldens,834000,13209,440,30,4872.0,none
m54k4H0GcO0,UExPTVVkUUZkUy1YTUo0TkZISmxTQUxZQXQ0bC1MUGdTMS41RTAxNTVEMTY3OUNDNzY1,2022-08-28 17:00:19+00:00,public,UCZe-1I-T8m9m5ctLdNx4SNg,Rave Culture,90900,25470,827,155,3151.0,none
i8LdoU1T-Xo,UExPTVVkUUZkUy1YTUo0TkZISmxTQUxZQXQ0bC1MUGdTMS43RDJENUVBQUYzMjQ5MDJB,2022-08-28 20:00:08+00:00,public,UCIDA4NNU3jL8zqfs5huy0zA,bitbird,55100,1109,119,21,6996.0,none
e5pQ1S3xscg,UExPTVVkUUZkUy1YTUo0TkZISmxTQUxZQXQ0bC1MUGdTMS45RjdGQkM4OERBNjkwRTAz,2022-08-29 11:00:21+00:00,public,UCGZXYc32ri4D0gSLPf2pZXQ,Armada Music TV,5070000,21263,263,34,3638.0,none
gp7Uk_lurmw,UExPTVVkUUZkUy1YTUo0TkZISmxTQUxZQXQ0bC1MUGdTMS45ODVGQ0QxQjZBMkUzQUY0,2022-08-29 15:00:37+00:00,public,UCOxqgCwgOqC2lMqC5PYz_Dg,Chillhop Music,3270000,124286,3434,144,3613.0,none
Y--8uHvqTRo,UExPTVVkUUZkUy1YTUo0TkZISmxTQUxZQXQ0bC1MUGdTMS5CNjk5NEM5MEY0NDAzMzNF,2022-08-29 17:00:18+00:00,public,UCDCCLsZ0OBG8Dt-3JMc3hkA,Big Beat Records,391000,3734,20,2,3604.0,none
EmxRSH_-CUM,UExPTVVkUUZkUy1YTUo0TkZISmxTQUxZQXQ0bC1MUGdTMS43RTM2MTQwOEZFNUQwMDVG,2022-08-29 17:59:48+00:00,public,UCSJ4gkVC6NrvII8umztf0Ow,Lofi Girl,11400000,91752,3729,176,1448.0,none
-P4N5YVFlBg,UExPTVVkUUZkUy1YTUo0TkZISmxTQUxZQXQ0bC1MUGdTMS5BRkMzRjEwQUIzOTAwOTFC,2022-08-30 15:00:00+00:00,public,UCIDA4NNU3jL8zqfs5huy0zA,bitbird,55200,62,6,2,913.0,none
-a2t25YOyYY,UExPTVVkUUZkUy1YTUo0TkZISmxTQUxZQXQ0bC1MUGdTMS4xMURBNTAzRDg5MkU1Q0Qw,2022-08-30 15:00:00+00:00,public,UCIDA4NNU3jL8zqfs5huy0zA,bitbird,55200,41,3,0,781.0,none
-aYibhMjDhQ,UExPTVVkUUZkUy1YTUo0TkZISmxTQUxZQXQ0bC1MUGdTMS5CRkNFMTYyNTEzNTgzMkE2,2022-08-30 15:00:00+00:00,public,UCIDA4NNU3jL8zqfs5huy0zA,bitbird,55200,60,9,1,900.0,none
7-QVoXTq3LE,UExPTVVkUUZkUy1YTUo0TkZISmxTQUxZQXQ0bC1MUGdTMS4yMDBDQTBGMDhBNzNBRjMz,2022-08-30 15:00:08+00:00,public,UCIDA4NNU3jL8zqfs5huy0zA,bitbird,55200,70,8,3,902.0,none
HVAx3fFzOGg,UExPTVVkUUZkUy1YTUo0TkZISmxTQUxZQXQ0bC1MUGdTMS4yNjNBMEFFM0NGQkQ5NkFC,2022-08-30 15:00:10+00:00,public,UCIDA4NNU3jL8zqfs5huy0zA,bitbird,55200,38,3,1,916.0,none
JB2MnMPh6cI,UExPTVVkUUZkUy1YTUo0TkZISmxTQUxZQXQ0bC1MUGdTMS4yRUFBQTFGQjcxN0FCOTlC,2022-08-30 15:00:12+00:00,public,UCIDA4NNU3jL8zqfs5huy0zA,bitbird,55200,20,0,0,922.0,none
QZmHiFpyY3c,UExPTVVkUUZkUy1YTUo0TkZISmxTQUxZQXQ0bC1MUGdTMS4zQkM4NTU2NDZBMkI0Q0ZG,2022-08-30 15:00:14+00:00,public,UCIDA4NNU3jL8zqfs5huy0zA,bitbird,55200,45,5,1,907.0,none
Ell0N28TucA,UExPTVVkUUZkUy1YTUo0TkZISmxTQUxZQXQ0bC1MUGdTMS44MkNFQjU0NURFRjI0MUIz,2022-08-30 15:00:16+00:00,public,UCIDA4NNU3jL8zqfs5huy0zA,bitbird,55200,31,3,0,957.0,none
RdKjaysnrNo,UExPTVVkUUZkUy1YTUo0TkZISmxTQUxZQXQ0bC1MUGdTMS42QzNFREE5RjlDMUNFOUNF,2022-08-30 15:00:16+00:00,public,UCIDA4NNU3jL8zqfs5huy0zA,bitbird,55200,100,20,14,869.0,none
W90qdQ0JMrA,UExPTVVkUUZkUy1YTUo0TkZISmxTQUxZQXQ0bC1MUGdTMS4wRjA4QTYyMkVBNDc1QjE3,2022-08-30 15:00:17+00:00,public,UCIDA4NNU3jL8zqfs5huy0zA,bitbird,55200,224,29,5,952.0,none
WDfkNur4Ua0,UExPTVVkUUZkUy1YTUo0TkZISmxTQUxZQXQ0bC1MUGdTMS44RjQ4NzZBODY2NTRFNTE4,2022-08-30 15:00:20+00:00,public,UCIDA4NNU3jL8zqfs5huy0zA,bitbird,55200,28,3,0,904.0,none
d90fiIfTmKM,UExPTVVkUUZkUy1YTUo0TkZISmxTQUxZQXQ0bC1MUGdTMS45OTNCN0JFRjlCMjkyNjYx,2022-08-30 15:00:20+00:00,public,UCIDA4NNU3jL8zqfs5huy0zA,bitbird,55200,42,3,1,905.0,none
pqbHtWVnDMc,UExPTVVkUUZkUy1YTUo0TkZISmxTQUxZQXQ0bC1MUGdTMS44RDU5MDZERTlEMzhGODAw,2022-08-30 15:00:27+00:00,public,UCIDA4NNU3jL8zqfs5huy0zA,bitbird,55200,100,10,2,900.0,none
U3aFgk8V3Jg,UExPTVVkUUZkUy1YTUo0TkZISmxTQUxZQXQ0bC1MUGdTMS45NzJGNDg0NDc5REE2QjdF,2022-08-30 15:00:28+00:00,public,UCIDA4NNU3jL8zqfs5huy0zA,bitbird,55200,58,4,0,902.0,none
sfpwHBvwxIs,UExPTVVkUUZkUy1YTUo0TkZISmxTQUxZQXQ0bC1MUGdTMS42NDRDNzUzM0EyMTNFMEVE,2022-08-30 15:00:29+00:00,public,UCIDA4NNU3jL8zqfs5huy0zA,bitbird,55200,64,4,2,969.0,none
ZJxiVqwgHSA,UExPTVVkUUZkUy1YTUo0TkZISmxTQUxZQXQ0bC1MUGdTMS41NzU4OUM4RTVCRTRFRTEx,2022-08-30 15:00:31+00:00,public,UCIDA4NNU3jL8zqfs5huy0zA,bitbird,55200,87,10,5,904.0,none
bDL1aaK4e4c,UExPTVVkUUZkUy1YTUo0TkZISmxTQUxZQXQ0bC1MUGdTMS4wQTVBMTcyNENDOUE1REIw,2022-08-30 15:00:31+00:00,public,UCIDA4NNU3jL8zqfs5huy0zA,bitbird,55200,121,12,4,895.0,none
ed8z0x8KNUE,UExPTVVkUUZkUy1YTUo0TkZISmxTQUxZQXQ0bC1MUGdTMS4xODU1NDkyNDA5M0U1QjZF,2022-08-30 15:00:32+00:00,public,UCIDA4NNU3jL8zqfs5huy0zA,bitbird,55200,126,8,1,893.0,none
mpl5CnXjzTQ,UExPTVVkUUZkUy1YTUo0TkZISmxTQUxZQXQ0bC1MUGdTMS40MzM4MTQ2NjY4Rjg2QTY3,2022-08-30 15:00:37+00:00,public,UCIDA4NNU3jL8zqfs5huy0zA,bitbird,55200,122,9,0,872.0,none
pZl7ps2Mhcw,UExPTVVkUUZkUy1YTUo0TkZISmxTQUxZQXQ0bC1MUGdTMS4zMjk3QkVBRUNDNTVFMzE5,2022-08-30 15:00:38+00:00,public,UCIDA4NNU3jL8zqfs5huy0zA,bitbird,55200,92,5,0,907.0,none
zTmszOLJEAc,UExPTVVkUUZkUy1YTUo0TkZISmxTQUxZQXQ0bC1MUGdTMS5FNzk5MERGNUMzOUVEODlG,2022-08-30 15:00:44+00:00,public,UCIDA4NNU3jL8zqfs5huy0zA,bitbird,55200,263,16,0,877.0,none
